Workbook

Sheet 01 Traffic inputs
A1: Sensor 78 | traffic inputs
A2: Yellow cells are inputs. Prepared average weekday from 16 complete January 2016 weekdays; fixed 14:45–19:30 window. Counts are assumed per represented lane.
A6: Traffic input | B6: Value | C6: Unit | D6: Meaning
A7: Detector | B7: 78 | C7: ID | D7: Worked example; AZ I-10 westbound detector 78.
A8: Link length L | B8: 1.04 | C8: mi | D8: Upstream detector spacing.
A9: Capacity C | B9: 1501.6157 | C9: veh/h/lane | D9: Retained detector calibration.
A10: Free-flow speed vf | B10: 64.161375 | C10: mph | D10: Retained detector calibration.
A11: Jam density kj | B11: 220 | C11: veh/mi/lane | D11: Fixed traffic assumption.
A12: Duration coefficient fd | B12: 1.6931766 | C12: h^(1-n) | D12: PM corridor-direction calibration.
A13: Duration exponent n | B13: 0.83303119 | C13: dimensionless | D13: PM corridor-direction calibration.
A14: Delay coefficient fp | B14: 0.30807047 | C14: h^(-s) | D14: PM corridor-direction calibration.
A15: Delay exponent s | B15: 1.6350981 | C15: dimensionless | D15: PM corridor-direction calibration.
A16: Mean / peak delay θ | B16: 0.43482937 | C16: dimensionless | D16: Mean delay divided by peak delay.
A17: Time step | B17: 5 | C17: min | D17: Fixed input time step.
A18: Start hour (fixed) | B18: 14.75 | C18: h | D18: Fixed selected episode start, inclusive.
... A22: Cubic maximum speed | B22: 75 | C22: mph | D22: Upper fitted cubic-rate limit.
A24: Inputs are already averaged; changing them recalculates emissions but does not redetect episode boundaries or refit traffic parameters. All traffic is evaluated with the supplied passenger-car rates. No external files are needed.
A28: Clock time | B28: Count / 5 min | C28: Speed (mph)
A29: 0.61458333 | B29: 125.54167 | C29: 51.62435
A30: 0.61805556 | B30: 120.22917 | C30: 49.299378
A31: 0.62152778 | B31: 116.20833 | C31: 48.463764
A32: 0.625 | B32: 109.89583 | C32: 48.481701
A33: 0.62847222 | B33: 106.89583 | C33: 47.163019
A34: 0.63194444 | B34: 104.52083 | C34: 45.765522
A35: 0.63541667 | B35: 102.27083 | C35: 43.751542
A36: 0.63888889 | B36: 102.875 | C36: 43.237921
A37: 0.64236111 | B37: 99.375 | C37: 42.407266
A38: 0.64583333 | B38: 99.3125 | C38: 41.238866
A39: 0.64930556 | B39: 94.520833 | C39: 38.30714
A40: 0.65277778 | B40: 91.5625 | C40: 33.813086
... A85: 0.80902778 | B85: 87.625 | C85: 62.606097
A88: Numerical integration inputs below: fixed 384-node Gauss–Legendre rule on [0,1]. These are calculation settings, not additional detector observations.
A94: Node | B94: Position u | C94: Weight
A95: 1 | B95: 9.7794137e-06 | C95: 2.5097052e-05
A96: 2 | B96: 5.1526431e-05 | C96: 5.8419533e-05
A97: 3 | B97: 0.00012662959 | C97: 9.178746e-05
A98: 4 | B98: 0.00023510057 | C98: 0.00012515354
A99: 5 | B99: 0.00037693417 | C99: 0.00015851213
A100: 6 | B100: 0.0005521214 | C100: 0.0001918604
A101: 7 | B101: 0.00076065073 | C101: 0.00022519596
A102: 8 | B102: 0.0010025083 | C102: 0.00025851652
A103: 9 | B103: 0.001277678 | C103: 0.00029181985
A104: 10 | B104: 0.0015861415 | C104: 0.00032510371
A105: 11 | B105: 0.0019278782 | C105: 0.00035836588
A106: 12 | B106: 0.0023028653 | C106: 0.00039160412
... A478: 384 | B478: 0.99999022 | C478: 2.5097052e-05

Sheet 02 Emission rates
A1: Emission inputs | positive-speed lookup
A2: Passenger-car, zero-acceleration, level-road rates, already averaged over the original vehicle-age mixture. Select the last lower-speed boundary not exceeding the speed; no interpolation.
A6: Lower speed (mph) | B6: Upper speed (mph) | C6: VSP at lower speed (kW/t) | D6: CO₂ rate (g/veh·h) | E6: NOₓ rate (g/veh·h) | F6: CO rate (g/veh·h) | G6: HC rate (g/veh·h)
A7: 0 | B7: 25 | C7: 0 | D7: 6931.8463 | E7: 4.0758788 | F7: 62.680628 | G7: 2.7514068
A8: 25 | B8: 33.457591 | C8: 1.8165725 | D8: 7854.4376 | E8: 6.0728067 | F8: 70.349022 | G8: 3.0627468
A9: 33.457591 | B9: 47.32925 | C9: 3 | D9: 9725.595 | E9: 9.2521191 | F9: 91.705804 | G9: 3.6129594
A10: 47.32925 | B10: 50 | C10: 6 | D10: 12537.329 | E10: 15.864045 | F10: 136.02153 | G10: 4.8429828
A11: 50 | B11: 64.140065 | C11: 6.7615245 | D11: 15845.528 | E11: 20.885655 | F11: 98.655406 | G11: 4.4998306
A12: 64.140065 | B12: 75.630658 | C12: 12 | D12: 20615.635 | E12: 30.344373 | F12: 135.13776 | G12: 5.47023
A13: 75.630658 | B13: 84.656535 | C13: 18 | D13: 26856.071 | E13: 45.165407 | F13: 357.36036 | G13: 10.447323
A14: 84.656535 | B14: 92.214456 | C14: 24 | D14: 35744.61 | E14: 64.064568 | F14: 478.84673 | G14: 15.307288
A15: 92.214456 | B15: ∞ | C15: 30 | D15: 45530.43 | E15: 80.06862 | F15: 1233.924 | G15: 21.085012
A18: First band: 0 < speed < 25 mph. Other lower bounds are inclusive; upper bounds are exclusive. Zero speed is not supported by this moving-vehicle table. Editing these rates updates O/S/R/M; A uses its separately supplied cubic coefficients.

Sheet 03 Recorded O
A1: O | recorded five-minute speeds
A2: Five-minute emissions are full-link emissions assigned to vehicles counted in that interval, not exhaust physically released during those five minutes. Effective rate = bin emissions / bin vehicle-hours.
A6: Per bin: trip time = L / recorded speed; vehicle-hours = count × trip time; emissions = vehicle-hours × lookup rate. This is the modeled comparison reference, not measured exhaust.
A8: The prepared input speeds use count-weighted harmonic averaging across the 16 retained weekdays. The supplied spreadsheet’s separate travel-time field is not used; travel time is calculated from link length and speed.
A10: Clock time | B10: Count / 5 min | C10: Mean trip time (min) | D10: Effective speed (mph) | E10: Vehicle-hours | F10: CO₂ effective rate (g/veh·h) | G10: CO₂ / 5 min (g) | H10: NOₓ effective rate | I10: NOₓ / 5 min (g) | J10: CO effective rate | K10: CO / 5 min (g) | L10: HC effective rate | M10: HC / 5 min (g)
A11: ='01 Traffic inputs'!A29 -> 0.61458333 | B11: ='01 Traffic inputs'!B29*'01 Traffic inputs'!$B$20 -> 125.54167 | C11: ='01 Traffic inputs'!$B$8/D11*60 -> 1.2087319 | D11: ='01 Traffic inputs'!C29 -> 51.62435 | E11: =B11*C11/60 -> 2.5291037 | F11: =IF(D11>0,INDEX('02 Emission rates'!$D$7:$D$15,MATCH(D11,'02 Emission rates'!$A$7:$A$15,1)),NA()) -> 15845.528 | G11: =E11*F11 -> 40074.983 | H11: =IF(D11>0,INDEX('02 Emission rates'!$E$7:$E$15,MATCH(D11,'02 Emission rates'!$A$7:$A$15,1)),NA()) -> 20.885655 | I11: =E11*H11 -> 52.821986 | J11: =IF(D11>0,INDEX('02 Emission rates'!$F$7:$F$15,MATCH(D11,'02 Emission rates'!$A$7:$A$15,1)),NA()) -> 98.655406 | K11: =E11*J11 -> 249.50975 | L11: =IF(D11>0,INDEX('02 Emission rates'!$G$7:$G$15,MATCH(D11,'02 Emission rates'!$A$7:$A$15,1)),NA()) -> 4.4998306 | M11: =E11*L11 -> 11.380538
A12: ='01 Traffic inputs'!A30 -> 0.61805556 | B12: ='01 Traffic inputs'!B30*'01 Traffic inputs'!$B$20 -> 120.22917 | C12: ='01 Traffic inputs'!$B$8/D12*60 -> 1.265736 | D12: ='01 Traffic inputs'!C30 -> 49.299378 | E12: =B12*C12/60 -> 2.5363065 | F12: =IF(D12>0,INDEX('02 Emission rates'!$D$7:$D$15,MATCH(D12,'02 Emission rates'!$A$7:$A$15,1)),NA()) -> 12537.329 | G12: =E12*F12 -> 31798.51 | H12: =IF(D12>0,INDEX('02 Emission rates'!$E$7:$E$15,MATCH(D12,'02 Emission rates'!$A$7:$A$15,1)),NA()) -> 15.864045 | I12: =E12*H12 -> 40.236081 | J12: =IF(D12>0,INDEX('02 Emission rates'!$F$7:$F$15,MATCH(D12,'02 Emission rates'!$A$7:$A$15,1)),NA()) -> 136.02153 | K12: =E12*J12 -> 344.9923 | L12: =IF(D12>0,INDEX('02 Emission rates'!$G$7:$G$15,MATCH(D12,'02 Emission rates'!$A$7:$A$15,1)),NA()) -> 4.8429828 | M12: =E12*L12 -> 12.283289
A13: ='01 Traffic inputs'!A31 -> 0.62152778 | B13: ='01 Traffic inputs'!B31*'01 Traffic inputs'!$B$20 -> 116.20833 | C13: ='01 Traffic inputs'!$B$8/D13*60 -> 1.2875599 | D13: ='01 Traffic inputs'!C31 -> 48.463764 | E13: =B13*C13/60 -> 2.4937532 | F13: =IF(D13>0,INDEX('02 Emission rates'!$D$7:$D$15,MATCH(D13,'02 Emission rates'!$A$7:$A$15,1)),NA()) -> 12537.329 | G13: =E13*F13 -> 31265.005 | H13: =IF(D13>0,INDEX('02 Emission rates'!$E$7:$E$15,MATCH(D13,'02 Emission rates'!$A$7:$A$15,1)),NA()) -> 15.864045 | I13: =E13*H13 -> 39.561013 | J13: =IF(D13>0,INDEX('02 Emission rates'!$F$7:$F$15,MATCH(D13,'02 Emission rates'!$A$7:$A$15,1)),NA()) -> 136.02153 | K13: =E13*J13 -> 339.20413 | L13: =IF(D13>0,INDEX('02 Emission rates'!$G$7:$G$15,MATCH(D13,'02 Emission rates'!$A$7:$A$15,1)),NA()) -> 4.8429828 | M13: =E13*L13 -> 12.077204
A14: ='01 Traffic inputs'!A32 -> 0.625 | B14: ='01 Traffic inputs'!B32*'01 Traffic inputs'!$B$20 -> 109.89583 | C14: ='01 Traffic inputs'!$B$8/D14*60 -> 1.2870835 | D14: ='01 Traffic inputs'!C32 -> 48.481701 | E14: =B14*C14/60 -> 2.3574186 | F14: =IF(D14>0,INDEX('02 Emission rates'!$D$7:$D$15,MATCH(D14,'02 Emission rates'!$A$7:$A$15,1)),NA()) -> 12537.329 | G14: =E14*F14 -> 29555.734 | H14: =IF(D14>0,INDEX('02 Emission rates'!$E$7:$E$15,MATCH(D14,'02 Emission rates'!$A$7:$A$15,1)),NA()) -> 15.864045 | I14: =E14*H14 -> 37.398196 | J14: =IF(D14>0,INDEX('02 Emission rates'!$F$7:$F$15,MATCH(D14,'02 Emission rates'!$A$7:$A$15,1)),NA()) -> 136.02153 | K14: =E14*J14 -> 320.6597 | L14: =IF(D14>0,INDEX('02 Emission rates'!$G$7:$G$15,MATCH(D14,'02 Emission rates'!$A$7:$A$15,1)),NA()) -> 4.8429828 | M14: =E14*L14 -> 11.416938
A15: ='01 Traffic inputs'!A33 -> 0.62847222 | B15: ='01 Traffic inputs'!B33*'01 Traffic inputs'!$B$20 -> 106.89583 | C15: ='01 Traffic inputs'!$B$8/D15*60 -> 1.3230705 | D15: ='01 Traffic inputs'!C33 -> 47.163019 | E15: =B15*C15/60 -> 2.3571787 | F15: =IF(D15>0,INDEX('02 Emission rates'!$D$7:$D$15,MATCH(D15,'02 Emission rates'!$A$7:$A$15,1)),NA()) -> 9725.595 | G15: =E15*F15 -> 22924.966 | H15: =IF(D15>0,INDEX('02 Emission rates'!$E$7:$E$15,MATCH(D15,'02 Emission rates'!$A$7:$A$15,1)),NA()) -> 9.2521191 | I15: =E15*H15 -> 21.808898 | J15: =IF(D15>0,INDEX('02 Emission rates'!$F$7:$F$15,MATCH(D15,'02 Emission rates'!$A$7:$A$15,1)),NA()) -> 91.705804 | K15: =E15*J15 -> 216.16697 | L15: =IF(D15>0,INDEX('02 Emission rates'!$G$7:$G$15,MATCH(D15,'02 Emission rates'!$A$7:$A$15,1)),NA()) -> 3.6129594 | M15: =E15*L15 -> 8.516391
A16: ='01 Traffic inputs'!A34 -> 0.63194444 | B16: ='01 Traffic inputs'!B34*'01 Traffic inputs'!$B$20 -> 104.52083 | C16: ='01 Traffic inputs'!$B$8/D16*60 -> 1.3634718 | D16: ='01 Traffic inputs'!C34 -> 45.765522 | E16: =B16*C16/60 -> 2.3751869 | F16: =IF(D16>0,INDEX('02 Emission rates'!$D$7:$D$15,MATCH(D16,'02 Emission rates'!$A$7:$A$15,1)),NA()) -> 9725.595 | G16: =E16*F16 -> 23100.105 | H16: =IF(D16>0,INDEX('02 Emission rates'!$E$7:$E$15,MATCH(D16,'02 Emission rates'!$A$7:$A$15,1)),NA()) -> 9.2521191 | I16: =E16*H16 -> 21.975512 | J16: =IF(D16>0,INDEX('02 Emission rates'!$F$7:$F$15,MATCH(D16,'02 Emission rates'!$A$7:$A$15,1)),NA()) -> 91.705804 | K16: =E16*J16 -> 217.81842 | L16: =IF(D16>0,INDEX('02 Emission rates'!$G$7:$G$15,MATCH(D16,'02 Emission rates'!$A$7:$A$15,1)),NA()) -> 3.6129594 | M16: =E16*L16 -> 8.5814536
A17: ='01 Traffic inputs'!A35 -> 0.63541667 | B17: ='01 Traffic inputs'!B35*'01 Traffic inputs'!$B$20 -> 102.27083 | C17: ='01 Traffic inputs'!$B$8/D17*60 -> 1.4262354 | D17: ='01 Traffic inputs'!C35 -> 43.751542 | E17: =B17*C17/60 -> 2.4310381 | F17: =IF(D17>0,INDEX('02 Emission rates'!$D$7:$D$15,MATCH(D17,'02 Emission rates'!$A$7:$A$15,1)),NA()) -> 9725.595 | G17: =E17*F17 -> 23643.292 | H17: =IF(D17>0,INDEX('02 Emission rates'!$E$7:$E$15,MATCH(D17,'02 Emission rates'!$A$7:$A$15,1)),NA()) -> 9.2521191 | I17: =E17*H17 -> 22.492254 | J17: =IF(D17>0,INDEX('02 Emission rates'!$F$7:$F$15,MATCH(D17,'02 Emission rates'!$A$7:$A$15,1)),NA()) -> 91.705804 | K17: =E17*J17 -> 222.94031 | L17: =IF(D17>0,INDEX('02 Emission rates'!$G$7:$G$15,MATCH(D17,'02 Emission rates'!$A$7:$A$15,1)),NA()) -> 3.6129594 | M17: =E17*L17 -> 8.783242
A18: ='01 Traffic inputs'!A36 -> 0.63888889 | B18: ='01 Traffic inputs'!B36*'01 Traffic inputs'!$B$20 -> 102.875 | C18: ='01 Traffic inputs'!$B$8/D18*60 -> 1.4431776 | D18: ='01 Traffic inputs'!C36 -> 43.237921 | E18: =B18*C18/60 -> 2.4744483 | F18: =IF(D18>0,INDEX('02 Emission rates'!$D$7:$D$15,MATCH(D18,'02 Emission rates'!$A$7:$A$15,1)),NA()) -> 9725.595 | G18: =E18*F18 -> 24065.482 | H18: =IF(D18>0,INDEX('02 Emission rates'!$E$7:$E$15,MATCH(D18,'02 Emission rates'!$A$7:$A$15,1)),NA()) -> 9.2521191 | I18: =E18*H18 -> 22.89389 | J18: =IF(D18>0,INDEX('02 Emission rates'!$F$7:$F$15,MATCH(D18,'02 Emission rates'!$A$7:$A$15,1)),NA()) -> 91.705804 | K18: =E18*J18 -> 226.92127 | L18: =IF(D18>0,INDEX('02 Emission rates'!$G$7:$G$15,MATCH(D18,'02 Emission rates'!$A$7:$A$15,1)),NA()) -> 3.6129594 | M18: =E18*L18 -> 8.9400812
A19: ='01 Traffic inputs'!A37 -> 0.64236111 | B19: ='01 Traffic inputs'!B37*'01 Traffic inputs'!$B$20 -> 99.375 | C19: ='01 Traffic inputs'!$B$8/D19*60 -> 1.471446 | D19: ='01 Traffic inputs'!C37 -> 42.407266 | E19: =B19*C19/60 -> 2.4370824 | F19: =IF(D19>0,INDEX('02 Emission rates'!$D$7:$D$15,MATCH(D19,'02 Emission rates'!$A$7:$A$15,1)),NA()) -> 9725.595 | G19: =E19*F19 -> 23702.076 | H19: =IF(D19>0,INDEX('02 Emission rates'!$E$7:$E$15,MATCH(D19,'02 Emission rates'!$A$7:$A$15,1)),NA()) -> 9.2521191 | I19: =E19*H19 -> 22.548176 | J19: =IF(D19>0,INDEX('02 Emission rates'!$F$7:$F$15,MATCH(D19,'02 Emission rates'!$A$7:$A$15,1)),NA()) -> 91.705804 | K19: =E19*J19 -> 223.4946 | L19: =IF(D19>0,INDEX('02 Emission rates'!$G$7:$G$15,MATCH(D19,'02 Emission rates'!$A$7:$A$15,1)),NA()) -> 3.6129594 | M19: =E19*L19 -> 8.8050796
A20: ='01 Traffic inputs'!A38 -> 0.64583333 | B20: ='01 Traffic inputs'!B38*'01 Traffic inputs'!$B$20 -> 99.3125 | C20: ='01 Traffic inputs'!$B$8/D20*60 -> 1.5131357 | D20: ='01 Traffic inputs'!C38 -> 41.238866 | E20: =B20*C20/60 -> 2.5045548 | F20: =IF(D20>0,INDEX('02 Emission rates'!$D$7:$D$15,MATCH(D20,'02 Emission rates'!$A$7:$A$15,1)),NA()) -> 9725.595 | G20: =E20*F20 -> 24358.285 | H20: =IF(D20>0,INDEX('02 Emission rates'!$E$7:$E$15,MATCH(D20,'02 Emission rates'!$A$7:$A$15,1)),NA()) -> 9.2521191 | I20: =E20*H20 -> 23.172439 | J20: =IF(D20>0,INDEX('02 Emission rates'!$F$7:$F$15,MATCH(D20,'02 Emission rates'!$A$7:$A$15,1)),NA()) -> 91.705804 | K20: =E20*J20 -> 229.68221 | L20: =IF(D20>0,INDEX('02 Emission rates'!$G$7:$G$15,MATCH(D20,'02 Emission rates'!$A$7:$A$15,1)),NA()) -> 3.6129594 | M20: =E20*L20 -> 9.0488546
A21: ='01 Traffic inputs'!A39 -> 0.64930556 | B21: ='01 Traffic inputs'!B39*'01 Traffic inputs'!$B$20 -> 94.520833 | C21: ='01 Traffic inputs'!$B$8/D21*60 -> 1.6289392 | D21: ='01 Traffic inputs'!C39 -> 38.30714 | E21: =B21*C21/60 -> 2.5661448 | F21: =IF(D21>0,INDEX('02 Emission rates'!$D$7:$D$15,MATCH(D21,'02 Emission rates'!$A$7:$A$15,1)),NA()) -> 9725.595 | G21: =E21*F21 -> 24957.285 | H21: =IF(D21>0,INDEX('02 Emission rates'!$E$7:$E$15,MATCH(D21,'02 Emission rates'!$A$7:$A$15,1)),NA()) -> 9.2521191 | I21: =E21*H21 -> 23.742277 | J21: =IF(D21>0,INDEX('02 Emission rates'!$F$7:$F$15,MATCH(D21,'02 Emission rates'!$A$7:$A$15,1)),NA()) -> 91.705804 | K21: =E21*J21 -> 235.33037 | L21: =IF(D21>0,INDEX('02 Emission rates'!$G$7:$G$15,MATCH(D21,'02 Emission rates'!$A$7:$A$15,1)),NA()) -> 3.6129594 | M21: =E21*L21 -> 9.2713768
A22: ='01 Traffic inputs'!A40 -> 0.65277778 | B22: ='01 Traffic inputs'!B40*'01 Traffic inputs'!$B$20 -> 91.5625 | C22: ='01 Traffic inputs'!$B$8/D22*60 -> 1.8454394 | D22: ='01 Traffic inputs'!C40 -> 33.813086 | E22: =B22*C22/60 -> 2.8162174 | F22: =IF(D22>0,INDEX('02 Emission rates'!$D$7:$D$15,MATCH(D22,'02 Emission rates'!$A$7:$A$15,1)),NA()) -> 9725.595 | G22: =E22*F22 -> 27389.389 | H22: =IF(D22>0,INDEX('02 Emission rates'!$E$7:$E$15,MATCH(D22,'02 Emission rates'!$A$7:$A$15,1)),NA()) -> 9.2521191 | I22: =E22*H22 -> 26.055978 | J22: =IF(D22>0,INDEX('02 Emission rates'!$F$7:$F$15,MATCH(D22,'02 Emission rates'!$A$7:$A$15,1)),NA()) -> 91.705804 | K22: =E22*J22 -> 258.26348 | L22: =IF(D22>0,INDEX('02 Emission rates'!$G$7:$G$15,MATCH(D22,'02 Emission rates'!$A$7:$A$15,1)),NA()) -> 3.6129594 | M22: =E22*L22 -> 10.174879
... A67: ='01 Traffic inputs'!A85 -> 0.80902778 | B67: ='01 Traffic inputs'!B85*'01 Traffic inputs'!$B$20 -> 87.625 | C67: ='01 Traffic inputs'!$B$8/D67*60 -> 0.99670804 | D67: ='01 Traffic inputs'!C85 -> 62.606097 | E67: =B67*C67/60 -> 1.455609 | F67: =IF(D67>0,INDEX('02 Emission rates'!$D$7:$D$15,MATCH(D67,'02 Emission rates'!$A$7:$A$15,1)),NA()) -> 15845.528 | G67: =E67*F67 -> 23064.894 | H67: =IF(D67>0,INDEX('02 Emission rates'!$E$7:$E$15,MATCH(D67,'02 Emission rates'!$A$7:$A$15,1)),NA()) -> 20.885655 | I67: =E67*H67 -> 30.401347 | J67: =IF(D67>0,INDEX('02 Emission rates'!$F$7:$F$15,MATCH(D67,'02 Emission rates'!$A$7:$A$15,1)),NA()) -> 98.655406 | K67: =E67*J67 -> 143.6037 | L67: =IF(D67>0,INDEX('02 Emission rates'!$G$7:$G$15,MATCH(D67,'02 Emission rates'!$A$7:$A$15,1)),NA()) -> 4.4998306 | M67: =E67*L67 -> 6.549994
A69: Total / mean | B69: =SUM(B11:B67) -> 4789.25 | C69: =E69/B69*60 -> 2.6488568 | D69: =B69*'01 Traffic inputs'!$B$8/E69 -> 23.557332 | E69: =SUM(E11:E67) -> 211.43396 | F69: =G69/E69 -> 8247.4331 | G69: =SUM(G11:G67) -> 1743787.4 | H69: =I69/E69 -> 6.6253227 | I69: =SUM(I11:I67) -> 1400.8182 | J69: =K69/E69 -> 73.363241 | K69: =SUM(K11:K67) -> 15511.48 | L69: =M69/E69 -> 3.1152097 | M69: =SUM(M11:M67) -> 658.66112

Sheet 04 Mean speed S
A1: S | observed mean speed
A2: Five-minute emissions are full-link emissions assigned to vehicles counted in that interval, not exhaust physically released during those five minutes. Effective rate = bin emissions / bin vehicle-hours.
A4: Mean speed | B4: ='03 Recorded O'!D69 -> 23.557332 | C4: mph
A5: Mean speed = total vehicle-distance / observed vehicle-hours. Every group uses that same trip speed. This method inherits the recorded reference’s total travel time; it is not an independent delay prediction.
A8: Clock time | B8: Count / 5 min | C8: Mean trip time (min) | D8: Effective speed (mph) | E8: Vehicle-hours | F8: CO₂ effective rate (g/veh·h) | G8: CO₂ / 5 min (g) | H8: NOₓ effective rate | I8: NOₓ / 5 min (g) | J8: CO effective rate | K8: CO / 5 min (g) | L8: HC effective rate | M8: HC / 5 min (g)
A9: ='03 Recorded O'!A11 -> 0.61458333 | B9: ='03 Recorded O'!B11 -> 125.54167 | C9: ='01 Traffic inputs'!$B$8/D9*60 -> 2.6488568 | D9: =$B$4 -> 23.557332 | E9: =B9*C9/60 -> 5.5423649 | F9: =IF(D9>0,INDEX('02 Emission rates'!$D$7:$D$15,MATCH(D9,'02 Emission rates'!$A$7:$A$15,1)),NA()) -> 6931.8463 | G9: =E9*F9 -> 38418.822 | H9: =IF(D9>0,INDEX('02 Emission rates'!$E$7:$E$15,MATCH(D9,'02 Emission rates'!$A$7:$A$15,1)),NA()) -> 4.0758788 | I9: =E9*H9 -> 22.590008 | J9: =IF(D9>0,INDEX('02 Emission rates'!$F$7:$F$15,MATCH(D9,'02 Emission rates'!$A$7:$A$15,1)),NA()) -> 62.680628 | K9: =E9*J9 -> 347.39892 | L9: =IF(D9>0,INDEX('02 Emission rates'!$G$7:$G$15,MATCH(D9,'02 Emission rates'!$A$7:$A$15,1)),NA()) -> 2.7514068 | M9: =E9*L9 -> 15.249301
A10: ='03 Recorded O'!A12 -> 0.61805556 | B10: ='03 Recorded O'!B12 -> 120.22917 | C10: ='01 Traffic inputs'!$B$8/D10*60 -> 2.6488568 | D10: =$B$4 -> 23.557332 | E10: =B10*C10/60 -> 5.3078307 | F10: =IF(D10>0,INDEX('02 Emission rates'!$D$7:$D$15,MATCH(D10,'02 Emission rates'!$A$7:$A$15,1)),NA()) -> 6931.8463 | G10: =E10*F10 -> 36793.067 | H10: =IF(D10>0,INDEX('02 Emission rates'!$E$7:$E$15,MATCH(D10,'02 Emission rates'!$A$7:$A$15,1)),NA()) -> 4.0758788 | I10: =E10*H10 -> 21.634075 | J10: =IF(D10>0,INDEX('02 Emission rates'!$F$7:$F$15,MATCH(D10,'02 Emission rates'!$A$7:$A$15,1)),NA()) -> 62.680628 | K10: =E10*J10 -> 332.69817 | L10: =IF(D10>0,INDEX('02 Emission rates'!$G$7:$G$15,MATCH(D10,'02 Emission rates'!$A$7:$A$15,1)),NA()) -> 2.7514068 | M10: =E10*L10 -> 14.604002
A11: ='03 Recorded O'!A13 -> 0.62152778 | B11: ='03 Recorded O'!B13 -> 116.20833 | C11: ='01 Traffic inputs'!$B$8/D11*60 -> 2.6488568 | D11: =$B$4 -> 23.557332 | E11: =B11*C11/60 -> 5.1303205 | F11: =IF(D11>0,INDEX('02 Emission rates'!$D$7:$D$15,MATCH(D11,'02 Emission rates'!$A$7:$A$15,1)),NA()) -> 6931.8463 | G11: =E11*F11 -> 35562.594 | H11: =IF(D11>0,INDEX('02 Emission rates'!$E$7:$E$15,MATCH(D11,'02 Emission rates'!$A$7:$A$15,1)),NA()) -> 4.0758788 | I11: =E11*H11 -> 20.910565 | J11: =IF(D11>0,INDEX('02 Emission rates'!$F$7:$F$15,MATCH(D11,'02 Emission rates'!$A$7:$A$15,1)),NA()) -> 62.680628 | K11: =E11*J11 -> 321.57171 | L11: =IF(D11>0,INDEX('02 Emission rates'!$G$7:$G$15,MATCH(D11,'02 Emission rates'!$A$7:$A$15,1)),NA()) -> 2.7514068 | M11: =E11*L11 -> 14.115599
A12: ='03 Recorded O'!A14 -> 0.625 | B12: ='03 Recorded O'!B14 -> 109.89583 | C12: ='01 Traffic inputs'!$B$8/D12*60 -> 2.6488568 | D12: =$B$4 -> 23.557332 | E12: =B12*C12/60 -> 4.8516387 | F12: =IF(D12>0,INDEX('02 Emission rates'!$D$7:$D$15,MATCH(D12,'02 Emission rates'!$A$7:$A$15,1)),NA()) -> 6931.8463 | G12: =E12*F12 -> 33630.814 | H12: =IF(D12>0,INDEX('02 Emission rates'!$E$7:$E$15,MATCH(D12,'02 Emission rates'!$A$7:$A$15,1)),NA()) -> 4.0758788 | I12: =E12*H12 -> 19.774692 | J12: =IF(D12>0,INDEX('02 Emission rates'!$F$7:$F$15,MATCH(D12,'02 Emission rates'!$A$7:$A$15,1)),NA()) -> 62.680628 | K12: =E12*J12 -> 304.10376 | L12: =IF(D12>0,INDEX('02 Emission rates'!$G$7:$G$15,MATCH(D12,'02 Emission rates'!$A$7:$A$15,1)),NA()) -> 2.7514068 | M12: =E12*L12 -> 13.348832
A13: ='03 Recorded O'!A15 -> 0.62847222 | B13: ='03 Recorded O'!B15 -> 106.89583 | C13: ='01 Traffic inputs'!$B$8/D13*60 -> 2.6488568 | D13: =$B$4 -> 23.557332 | E13: =B13*C13/60 -> 4.7191959 | F13: =IF(D13>0,INDEX('02 Emission rates'!$D$7:$D$15,MATCH(D13,'02 Emission rates'!$A$7:$A$15,1)),NA()) -> 6931.8463 | G13: =E13*F13 -> 32712.741 | H13: =IF(D13>0,INDEX('02 Emission rates'!$E$7:$E$15,MATCH(D13,'02 Emission rates'!$A$7:$A$15,1)),NA()) -> 4.0758788 | I13: =E13*H13 -> 19.234871 | J13: =IF(D13>0,INDEX('02 Emission rates'!$F$7:$F$15,MATCH(D13,'02 Emission rates'!$A$7:$A$15,1)),NA()) -> 62.680628 | K13: =E13*J13 -> 295.80216 | L13: =IF(D13>0,INDEX('02 Emission rates'!$G$7:$G$15,MATCH(D13,'02 Emission rates'!$A$7:$A$15,1)),NA()) -> 2.7514068 | M13: =E13*L13 -> 12.984428
A14: ='03 Recorded O'!A16 -> 0.63194444 | B14: ='03 Recorded O'!B16 -> 104.52083 | C14: ='01 Traffic inputs'!$B$8/D14*60 -> 2.6488568 | D14: =$B$4 -> 23.557332 | E14: =B14*C14/60 -> 4.6143453 | F14: =IF(D14>0,INDEX('02 Emission rates'!$D$7:$D$15,MATCH(D14,'02 Emission rates'!$A$7:$A$15,1)),NA()) -> 6931.8463 | G14: =E14*F14 -> 31985.933 | H14: =IF(D14>0,INDEX('02 Emission rates'!$E$7:$E$15,MATCH(D14,'02 Emission rates'!$A$7:$A$15,1)),NA()) -> 4.0758788 | I14: =E14*H14 -> 18.807512 | J14: =IF(D14>0,INDEX('02 Emission rates'!$F$7:$F$15,MATCH(D14,'02 Emission rates'!$A$7:$A$15,1)),NA()) -> 62.680628 | K14: =E14*J14 -> 289.23006 | L14: =IF(D14>0,INDEX('02 Emission rates'!$G$7:$G$15,MATCH(D14,'02 Emission rates'!$A$7:$A$15,1)),NA()) -> 2.7514068 | M14: =E14*L14 -> 12.695941
A15: ='03 Recorded O'!A17 -> 0.63541667 | B15: ='03 Recorded O'!B17 -> 102.27083 | C15: ='01 Traffic inputs'!$B$8/D15*60 -> 2.6488568 | D15: =$B$4 -> 23.557332 | E15: =B15*C15/60 -> 4.5150132 | F15: =IF(D15>0,INDEX('02 Emission rates'!$D$7:$D$15,MATCH(D15,'02 Emission rates'!$A$7:$A$15,1)),NA()) -> 6931.8463 | G15: =E15*F15 -> 31297.378 | H15: =IF(D15>0,INDEX('02 Emission rates'!$E$7:$E$15,MATCH(D15,'02 Emission rates'!$A$7:$A$15,1)),NA()) -> 4.0758788 | I15: =E15*H15 -> 18.402647 | J15: =IF(D15>0,INDEX('02 Emission rates'!$F$7:$F$15,MATCH(D15,'02 Emission rates'!$A$7:$A$15,1)),NA()) -> 62.680628 | K15: =E15*J15 -> 283.00386 | L15: =IF(D15>0,INDEX('02 Emission rates'!$G$7:$G$15,MATCH(D15,'02 Emission rates'!$A$7:$A$15,1)),NA()) -> 2.7514068 | M15: =E15*L15 -> 12.422638
A16: ='03 Recorded O'!A18 -> 0.63888889 | B16: ='03 Recorded O'!B18 -> 102.875 | C16: ='01 Traffic inputs'!$B$8/D16*60 -> 2.6488568 | D16: =$B$4 -> 23.557332 | E16: =B16*C16/60 -> 4.5416857 | F16: =IF(D16>0,INDEX('02 Emission rates'!$D$7:$D$15,MATCH(D16,'02 Emission rates'!$A$7:$A$15,1)),NA()) -> 6931.8463 | G16: =E16*F16 -> 31482.267 | H16: =IF(D16>0,INDEX('02 Emission rates'!$E$7:$E$15,MATCH(D16,'02 Emission rates'!$A$7:$A$15,1)),NA()) -> 4.0758788 | I16: =E16*H16 -> 18.511361 | J16: =IF(D16>0,INDEX('02 Emission rates'!$F$7:$F$15,MATCH(D16,'02 Emission rates'!$A$7:$A$15,1)),NA()) -> 62.680628 | K16: =E16*J16 -> 284.67571 | L16: =IF(D16>0,INDEX('02 Emission rates'!$G$7:$G$15,MATCH(D16,'02 Emission rates'!$A$7:$A$15,1)),NA()) -> 2.7514068 | M16: =E16*L16 -> 12.496025
A17: ='03 Recorded O'!A19 -> 0.64236111 | B17: ='03 Recorded O'!B19 -> 99.375 | C17: ='01 Traffic inputs'!$B$8/D17*60 -> 2.6488568 | D17: =$B$4 -> 23.557332 | E17: =B17*C17/60 -> 4.3871691 | F17: =IF(D17>0,INDEX('02 Emission rates'!$D$7:$D$15,MATCH(D17,'02 Emission rates'!$A$7:$A$15,1)),NA()) -> 6931.8463 | G17: =E17*F17 -> 30411.182 | H17: =IF(D17>0,INDEX('02 Emission rates'!$E$7:$E$15,MATCH(D17,'02 Emission rates'!$A$7:$A$15,1)),NA()) -> 4.0758788 | I17: =E17*H17 -> 17.88157 | J17: =IF(D17>0,INDEX('02 Emission rates'!$F$7:$F$15,MATCH(D17,'02 Emission rates'!$A$7:$A$15,1)),NA()) -> 62.680628 | K17: =E17*J17 -> 274.99051 | L17: =IF(D17>0,INDEX('02 Emission rates'!$G$7:$G$15,MATCH(D17,'02 Emission rates'!$A$7:$A$15,1)),NA()) -> 2.7514068 | M17: =E17*L17 -> 12.070887
A18: ='03 Recorded O'!A20 -> 0.64583333 | B18: ='03 Recorded O'!B20 -> 99.3125 | C18: ='01 Traffic inputs'!$B$8/D18*60 -> 2.6488568 | D18: =$B$4 -> 23.557332 | E18: =B18*C18/60 -> 4.3844098 | F18: =IF(D18>0,INDEX('02 Emission rates'!$D$7:$D$15,MATCH(D18,'02 Emission rates'!$A$7:$A$15,1)),NA()) -> 6931.8463 | G18: =E18*F18 -> 30392.055 | H18: =IF(D18>0,INDEX('02 Emission rates'!$E$7:$E$15,MATCH(D18,'02 Emission rates'!$A$7:$A$15,1)),NA()) -> 4.0758788 | I18: =E18*H18 -> 17.870323 | J18: =IF(D18>0,INDEX('02 Emission rates'!$F$7:$F$15,MATCH(D18,'02 Emission rates'!$A$7:$A$15,1)),NA()) -> 62.680628 | K18: =E18*J18 -> 274.81756 | L18: =IF(D18>0,INDEX('02 Emission rates'!$G$7:$G$15,MATCH(D18,'02 Emission rates'!$A$7:$A$15,1)),NA()) -> 2.7514068 | M18: =E18*L18 -> 12.063295
A19: ='03 Recorded O'!A21 -> 0.64930556 | B19: ='03 Recorded O'!B21 -> 94.520833 | C19: ='01 Traffic inputs'!$B$8/D19*60 -> 2.6488568 | D19: =$B$4 -> 23.557332 | E19: =B19*C19/60 -> 4.1728692 | F19: =IF(D19>0,INDEX('02 Emission rates'!$D$7:$D$15,MATCH(D19,'02 Emission rates'!$A$7:$A$15,1)),NA()) -> 6931.8463 | G19: =E19*F19 -> 28925.688 | H19: =IF(D19>0,INDEX('02 Emission rates'!$E$7:$E$15,MATCH(D19,'02 Emission rates'!$A$7:$A$15,1)),NA()) -> 4.0758788 | I19: =E19*H19 -> 17.008109 | J19: =IF(D19>0,INDEX('02 Emission rates'!$F$7:$F$15,MATCH(D19,'02 Emission rates'!$A$7:$A$15,1)),NA()) -> 62.680628 | K19: =E19*J19 -> 261.55806 | L19: =IF(D19>0,INDEX('02 Emission rates'!$G$7:$G$15,MATCH(D19,'02 Emission rates'!$A$7:$A$15,1)),NA()) -> 2.7514068 | M19: =E19*L19 -> 11.481261
A20: ='03 Recorded O'!A22 -> 0.65277778 | B20: ='03 Recorded O'!B22 -> 91.5625 | C20: ='01 Traffic inputs'!$B$8/D20*60 -> 2.6488568 | D20: =$B$4 -> 23.557332 | E20: =B20*C20/60 -> 4.0422658 | F20: =IF(D20>0,INDEX('02 Emission rates'!$D$7:$D$15,MATCH(D20,'02 Emission rates'!$A$7:$A$15,1)),NA()) -> 6931.8463 | G20: =E20*F20 -> 28020.366 | H20: =IF(D20>0,INDEX('02 Emission rates'!$E$7:$E$15,MATCH(D20,'02 Emission rates'!$A$7:$A$15,1)),NA()) -> 4.0758788 | I20: =E20*H20 -> 16.475786 | J20: =IF(D20>0,INDEX('02 Emission rates'!$F$7:$F$15,MATCH(D20,'02 Emission rates'!$A$7:$A$15,1)),NA()) -> 62.680628 | K20: =E20*J20 -> 253.37176 | L20: =IF(D20>0,INDEX('02 Emission rates'!$G$7:$G$15,MATCH(D20,'02 Emission rates'!$A$7:$A$15,1)),NA()) -> 2.7514068 | M20: =E20*L20 -> 11.121918
... A65: ='03 Recorded O'!A67 -> 0.80902778 | B65: ='03 Recorded O'!B67 -> 87.625 | C65: ='01 Traffic inputs'!$B$8/D65*60 -> 2.6488568 | D65: =$B$4 -> 23.557332 | E65: =B65*C65/60 -> 3.8684346 | F65: =IF(D65>0,INDEX('02 Emission rates'!$D$7:$D$15,MATCH(D65,'02 Emission rates'!$A$7:$A$15,1)),NA()) -> 6931.8463 | G65: =E65*F65 -> 26815.394 | H65: =IF(D65>0,INDEX('02 Emission rates'!$E$7:$E$15,MATCH(D65,'02 Emission rates'!$A$7:$A$15,1)),NA()) -> 4.0758788 | I65: =E65*H65 -> 15.767271 | J65: =IF(D65>0,INDEX('02 Emission rates'!$F$7:$F$15,MATCH(D65,'02 Emission rates'!$A$7:$A$15,1)),NA()) -> 62.680628 | K65: =E65*J65 -> 242.47591 | L65: =IF(D65>0,INDEX('02 Emission rates'!$G$7:$G$15,MATCH(D65,'02 Emission rates'!$A$7:$A$15,1)),NA()) -> 2.7514068 | M65: =E65*L65 -> 10.643637
A67: Total / mean | B67: =SUM(B9:B65) -> 4789.25 | C67: =E67/B67*60 -> 2.6488568 | D67: =B67*'01 Traffic inputs'!$B$8/E67 -> 23.557332 | E67: =SUM(E9:E65) -> 211.43396 | F67: =G67/E67 -> 6931.8463 | G67: =SUM(G9:G65) -> 1465627.7 | H67: =I67/E67 -> 4.0758788 | I67: =SUM(I9:I65) -> 861.77919 | J67: =K67/E67 -> 62.680628 | K67: =SUM(K9:K65) -> 13252.813 | L67: =M67/E67 -> 2.7514068 | M67: =SUM(M9:M65) -> 581.74083

Sheet 05 Reconstructed R
A1: R | reconstructed trip speeds
A2: Five-minute emissions are full-link emissions assigned to vehicles counted in that interval, not exhaust physically released during those five minutes. Effective rate = bin emissions / bin vehicle-hours.
A7: Count D | B7: ='03 Recorded O'!B69 -> 4789.25 | D7: P̂ = max(fd × (D/C)^n, D/C). Peak delay = Tf × fp × P̂^s. Mean delay = θ × peak delay. The curve shape reproduces the calibrated mean-to-peak ratio.
A8: D/C (h) | B8: =B7/'01 Traffic inputs'!$B$9 -> 3.1893978
A9: Duration P̂ (h) | B9: =MAX('01 Traffic inputs'!$B$12*B8^'01 Traffic inputs'!$B$13,B8) -> 4.44946
A10: Free time Tf (h) | B10: ='01 Traffic inputs'!$B$8/'01 Traffic inputs'!$B$10 -> 0.016209129
A11: Peak delay (h) | B11: =B10*'01 Traffic inputs'!$B$14*B9^'01 Traffic inputs'!$B$15 -> 0.05733975
A12: Mean delay (h) | B12: ='01 Traffic inputs'!$B$16*B11 -> 0.024933007 | D12: A count-preserving alignment places reconstructed vehicle groups into the observed five-minute count bins. It preserves all episode totals. R, M and A therefore have the same effective speed profile.
A13: Discharge μ (veh/h) | B13: =B7/B9 -> 1076.3666
A14: Wave speed ω (mph) | B14: ='01 Traffic inputs'!$B$9/('01 Traffic inputs'!$B$11-'01 Traffic inputs'!$B$9/'01 Traffic inputs'!$B$10) -> 7.6380685
A15: Queue speed vq (mph) | B15: =B13/('01 Traffic inputs'!$B$11-B13/B14) -> 13.611335
A16: Shape exponent a | B16: =D139 -> 3.3963859
A17: Flat exponent b | B17: ='01 Traffic inputs'!$B$16/(1-'01 Traffic inputs'!$B$16) -> 0.76937715
A18: Vehicle-hours | B18: =SUM(G145:G528) -> 197.03998 | D18: Helper columns X:AE hold cumulative interpolation. The 50-step shape solution and 384-node integration are below the main table. Fixed numerical settings: 2/3 shape threshold, bracket [1,10000], 50 iterations, 1e−10 h tolerance.
A19: Mean trip speed | B19: =B7*'01 Traffic inputs'!$B$8/B18 -> 25.278221
A20: Validity | B20: =IF(AND('01 Traffic inputs'!$B$16>0,'01 Traffic inputs'!$B$16<1,OR('01 Traffic inputs'!$B$16>2/3,'01 Traffic inputs'!$B$16>=EXP(10000*LN(4)+2*GAMMALN(10001)-GAMMALN(20002))),B15>='01 Traffic inputs'!$B$21,B15<'01 Traffic inputs'!$B$10,'01 Traffic inputs'!$B$10<='01 Traffic inputs'!$B$22,MIN(E145:E528)>=0,MIN(F145:F528)>=B10,B11<='01 Traffic inputs'!$B$8/B15-B10+0.0000000001),"VALID","CHECK INPUTS") -> VALID
A23: Clock time | B23: Count / 5 min | C23: Mean trip time (min) | D23: Effective speed (mph) | E23: Vehicle-hours | F23: CO₂ effective rate (g/veh·h) | G23: CO₂ / 5 min (g) | H23: NOₓ effective rate | I23: NOₓ / 5 min (g) | J23: CO effective rate | K23: CO / 5 min (g) | L23: HC effective rate | M23: HC / 5 min (g) | X23: Cumulative count | Y23: Lower index | Z23: Fraction | AA23: Cumulative VHT | AB23: Cumulative CO₂ | AC23: Cumulative NOₓ | AD23: Cumulative CO | AE23: Cumulative HC
A24: ='03 Recorded O'!A11 -> 0.61458333 | B24: ='03 Recorded O'!B11 -> 125.54167 | C24: =E24/B24*60 -> 0.9728915 | D24: =B24*'01 Traffic inputs'!$B$8/E24 -> 64.138704 | E24: =AA24 -> 2.0356403 | F24: =G24/E24 -> 18794.539 | G24: =AB24 -> 38258.921 | H24: =I24/E24 -> 26.733293 | I24: =AC24 -> 54.419369 | J24: =K24/E24 -> 121.2098 | K24: =AD24 -> 246.73955 | L24: =M24/E24 -> 5.099758 | M24: =AE24 -> 10.381273 | X24: =SUM($B$24:B24) -> 125.54167 | Y24: =MIN(MATCH(X24,$R$144:$R$528,1),384) -> 40 | Z24: =(X24-INDEX($R$144:$R$528,Y24))/(INDEX($R$144:$R$528,Y24+1)-INDEX($R$144:$R$528,Y24)) -> 0.54981304 | AA24: =INDEX($S$144:$S$528,Y24)+Z24*(INDEX($S$144:$S$528,Y24+1)-INDEX($S$144:$S$528,Y24)) -> 2.0356403 | AB24: =INDEX($T$144:$T$528,Y24)+Z24*(INDEX($T$144:$T$528,Y24+1)-INDEX($T$144:$T$528,Y24)) -> 38258.921 | AC24: =INDEX($U$144:$U$528,Y24)+Z24*(INDEX($U$144:$U$528,Y24+1)-INDEX($U$144:$U$528,Y24)) -> 54.419369 | AD24: =INDEX($V$144:$V$528,Y24)+Z24*(INDEX($V$144:$V$528,Y24+1)-INDEX($V$144:$V$528,Y24)) -> 246.73955 | AE24: =INDEX($W$144:$W$528,Y24)+Z24*(INDEX($W$144:$W$528,Y24+1)-INDEX($W$144:$W$528,Y24)) -> 10.381273
A25: ='03 Recorded O'!A12 -> 0.61805556 | B25: ='03 Recorded O'!B12 -> 120.22917 | C25: =E25/B25*60 -> 0.97857373 | D25: =B25*'01 Traffic inputs'!$B$8/E25 -> 63.766274 | E25: =AA25-AA24 -> 1.9608851 | F25: =G25/E25 -> 15845.528 | G25: =AB25-AB24 -> 31071.259 | H25: =I25/E25 -> 20.885655 | I25: =AC25-AC24 -> 40.954368 | J25: =K25/E25 -> 98.655406 | K25: =AD25-AD24 -> 193.45191 | L25: =M25/E25 -> 4.4998306 | M25: =AE25-AE24 -> 8.8236506 | X25: =SUM($B$24:B25) -> 245.77083 | Y25: =MIN(MATCH(X25,$R$144:$R$528,1),384) -> 56 | Z25: =(X25-INDEX($R$144:$R$528,Y25))/(INDEX($R$144:$R$528,Y25+1)-INDEX($R$144:$R$528,Y25)) -> 0.65744473 | AA25: =INDEX($S$144:$S$528,Y25)+Z25*(INDEX($S$144:$S$528,Y25+1)-INDEX($S$144:$S$528,Y25)) -> 3.9965254 | AB25: =INDEX($T$144:$T$528,Y25)+Z25*(INDEX($T$144:$T$528,Y25+1)-INDEX($T$144:$T$528,Y25)) -> 69330.18 | AC25: =INDEX($U$144:$U$528,Y25)+Z25*(INDEX($U$144:$U$528,Y25+1)-INDEX($U$144:$U$528,Y25)) -> 95.373737 | AD25: =INDEX($V$144:$V$528,Y25)+Z25*(INDEX($V$144:$V$528,Y25+1)-INDEX($V$144:$V$528,Y25)) -> 440.19146 | AE25: =INDEX($W$144:$W$528,Y25)+Z25*(INDEX($W$144:$W$528,Y25+1)-INDEX($W$144:$W$528,Y25)) -> 19.204924
A26: ='03 Recorded O'!A13 -> 0.62152778 | B26: ='03 Recorded O'!B13 -> 116.20833 | C26: =E26/B26*60 -> 0.99959778 | D26: =B26*'01 Traffic inputs'!$B$8/E26 -> 62.425108 | E26: =AA26-AA25 -> 1.9360265 | F26: =G26/E26 -> 15845.528 | G26: =AB26-AB25 -> 30677.363 | H26: =I26/E26 -> 20.885655 | I26: =AC26-AC25 -> 40.435182 | J26: =K26/E26 -> 98.655406 | K26: =AD26-AD25 -> 190.99948 | L26: =M26/E26 -> 4.4998306 | M26: =AE26-AE25 -> 8.7117914 | X26: =SUM($B$24:B26) -> 361.97917 | Y26: =MIN(MATCH(X26,$R$144:$R$528,1),384) -> 68 | Z26: =(X26-INDEX($R$144:$R$528,Y26))/(INDEX($R$144:$R$528,Y26+1)-INDEX($R$144:$R$528,Y26)) -> 0.84460943 | AA26: =INDEX($S$144:$S$528,Y26)+Z26*(INDEX($S$144:$S$528,Y26+1)-INDEX($S$144:$S$528,Y26)) -> 5.932552 | AB26: =INDEX($T$144:$T$528,Y26)+Z26*(INDEX($T$144:$T$528,Y26+1)-INDEX($T$144:$T$528,Y26)) -> 100007.54 | AC26: =INDEX($U$144:$U$528,Y26)+Z26*(INDEX($U$144:$U$528,Y26+1)-INDEX($U$144:$U$528,Y26)) -> 135.80892 | AD26: =INDEX($V$144:$V$528,Y26)+Z26*(INDEX($V$144:$V$528,Y26+1)-INDEX($V$144:$V$528,Y26)) -> 631.19095 | AE26: =INDEX($W$144:$W$528,Y26)+Z26*(INDEX($W$144:$W$528,Y26+1)-INDEX($W$144:$W$528,Y26)) -> 27.916715
A27: ='03 Recorded O'!A14 -> 0.625 | B27: ='03 Recorded O'!B14 -> 109.89583 | C27: =E27/B27*60 -> 1.0433026 | D27: =B27*'01 Traffic inputs'!$B$8/E27 -> 59.810067 | E27: =AA27-AA26 -> 1.9109102 | F27: =G27/E27 -> 15845.528 | G27: =AB27-AB26 -> 30279.381 | H27: =I27/E27 -> 20.885655 | I27: =AC27-AC26 -> 39.91061 | J27: =K27/E27 -> 98.655406 | K27: =AD27-AD26 -> 188.52162 | L27: =M27/E27 -> 4.4998306 | M27: =AE27-AE26 -> 8.5987722 | X27: =SUM($B$24:B27) -> 471.875 | Y27: =MIN(MATCH(X27,$R$144:$R$528,1),384) -> 78 | Z27: =(X27-INDEX($R$144:$R$528,Y27))/(INDEX($R$144:$R$528,Y27+1)-INDEX($R$144:$R$528,Y27)) -> 0.74914436 | AA27: =INDEX($S$144:$S$528,Y27)+Z27*(INDEX($S$144:$S$528,Y27+1)-INDEX($S$144:$S$528,Y27)) -> 7.8434622 | AB27: =INDEX($T$144:$T$528,Y27)+Z27*(INDEX($T$144:$T$528,Y27+1)-INDEX($T$144:$T$528,Y27)) -> 130286.92 | AC27: =INDEX($U$144:$U$528,Y27)+Z27*(INDEX($U$144:$U$528,Y27+1)-INDEX($U$144:$U$528,Y27)) -> 175.71953 | AD27: =INDEX($V$144:$V$528,Y27)+Z27*(INDEX($V$144:$V$528,Y27+1)-INDEX($V$144:$V$528,Y27)) -> 819.71257 | AE27: =INDEX($W$144:$W$528,Y27)+Z27*(INDEX($W$144:$W$528,Y27+1)-INDEX($W$144:$W$528,Y27)) -> 36.515487
A28: ='03 Recorded O'!A15 -> 0.62847222 | B28: ='03 Recorded O'!B15 -> 106.89583 | C28: =E28/B28*60 -> 1.1131657 | D28: =B28*'01 Traffic inputs'!$B$8/E28 -> 56.056346 | E28: =AA28-AA27 -> 1.9832129 | F28: =G28/E28 -> 15845.528 | G28: =AB28-AB27 -> 31425.055 | H28: =I28/E28 -> 20.885655 | I28: =AC28-AC27 -> 41.420699 | J28: =K28/E28 -> 98.655406 | K28: =AD28-AD27 -> 195.65467 | L28: =M28/E28 -> 4.4998306 | M28: =AE28-AE27 -> 8.9241219 | X28: =SUM($B$24:B28) -> 578.77083 | Y28: =MIN(MATCH(X28,$R$144:$R$528,1),384) -> 87 | Z28: =(X28-INDEX($R$144:$R$528,Y28))/(INDEX($R$144:$R$528,Y28+1)-INDEX($R$144:$R$528,Y28)) -> 0.3964635 | AA28: =INDEX($S$144:$S$528,Y28)+Z28*(INDEX($S$144:$S$528,Y28+1)-INDEX($S$144:$S$528,Y28)) -> 9.826675 | AB28: =INDEX($T$144:$T$528,Y28)+Z28*(INDEX($T$144:$T$528,Y28+1)-INDEX($T$144:$T$528,Y28)) -> 161711.98 | AC28: =INDEX($U$144:$U$528,Y28)+Z28*(INDEX($U$144:$U$528,Y28+1)-INDEX($U$144:$U$528,Y28)) -> 217.14023 | AD28: =INDEX($V$144:$V$528,Y28)+Z28*(INDEX($V$144:$V$528,Y28+1)-INDEX($V$144:$V$528,Y28)) -> 1015.3672 | AE28: =INDEX($W$144:$W$528,Y28)+Z28*(INDEX($W$144:$W$528,Y28+1)-INDEX($W$144:$W$528,Y28)) -> 45.439609
A29: ='03 Recorded O'!A16 -> 0.63194444 | B29: ='03 Recorded O'!B16 -> 104.52083 | C29: =E29/B29*60 -> 1.2108971 | D29: =B29*'01 Traffic inputs'!$B$8/E29 -> 51.532043 | E29: =AA29-AA28 -> 2.1093995 | F29: =G29/E29 -> 15309.97 | G29: =AB29-AB28 -> 32294.843 | H29: =I29/E29 -> 20.072715 | I29: =AC29-AC28 -> 42.341376 | J29: =K29/E29 -> 104.70454 | K29: =AD29-AD28 -> 220.86371 | L29: =M29/E29 -> 4.5553829 | M29: =AE29-AE28 -> 9.6091225 | X29: =SUM($B$24:B29) -> 683.29167 | Y29: =MIN(MATCH(X29,$R$144:$R$528,1),384) -> 95 | Z29: =(X29-INDEX($R$144:$R$528,Y29))/(INDEX($R$144:$R$528,Y29+1)-INDEX($R$144:$R$528,Y29)) -> 0.17110469 | AA29: =INDEX($S$144:$S$528,Y29)+Z29*(INDEX($S$144:$S$528,Y29+1)-INDEX($S$144:$S$528,Y29)) -> 11.936075 | AB29: =INDEX($T$144:$T$528,Y29)+Z29*(INDEX($T$144:$T$528,Y29+1)-INDEX($T$144:$T$528,Y29)) -> 194006.82 | AC29: =INDEX($U$144:$U$528,Y29)+Z29*(INDEX($U$144:$U$528,Y29+1)-INDEX($U$144:$U$528,Y29)) -> 259.4816 | AD29: =INDEX($V$144:$V$528,Y29)+Z29*(INDEX($V$144:$V$528,Y29+1)-INDEX($V$144:$V$528,Y29)) -> 1236.2309 | AE29: =INDEX($W$144:$W$528,Y29)+Z29*(INDEX($W$144:$W$528,Y29+1)-INDEX($W$144:$W$528,Y29)) -> 55.048732
A30: ='03 Recorded O'!A17 -> 0.63541667 | B30: ='03 Recorded O'!B17 -> 102.27083 | C30: =E30/B30*60 -> 1.3364204 | D30: =B30*'01 Traffic inputs'!$B$8/E30 -> 46.691896 | E30: =AA30-AA29 -> 2.2779471 | F30: =G30/E30 -> 10788.901 | G30: =AB30-AB29 -> 24576.544 | H30: =I30/E30 -> 11.752532 | I30: =AC30-AC29 -> 26.771646 | J30: =K30/E30 -> 108.46456 | K30: =AD30-AD29 -> 247.07652 | L30: =M30/E30 -> 4.0781138 | M30: =AE30-AE29 -> 9.2897273 | X30: =SUM($B$24:B30) -> 785.5625 | Y30: =MIN(MATCH(X30,$R$144:$R$528,1),384) -> 102 | Z30: =(X30-INDEX($R$144:$R$528,Y30))/(INDEX($R$144:$R$528,Y30+1)-INDEX($R$144:$R$528,Y30)) -> 0.27794911 | AA30: =INDEX($S$144:$S$528,Y30)+Z30*(INDEX($S$144:$S$528,Y30+1)-INDEX($S$144:$S$528,Y30)) -> 14.214022 | AB30: =INDEX($T$144:$T$528,Y30)+Z30*(INDEX($T$144:$T$528,Y30+1)-INDEX($T$144:$T$528,Y30)) -> 218583.37 | AC30: =INDEX($U$144:$U$528,Y30)+Z30*(INDEX($U$144:$U$528,Y30+1)-INDEX($U$144:$U$528,Y30)) -> 286.25325 | AD30: =INDEX($V$144:$V$528,Y30)+Z30*(INDEX($V$144:$V$528,Y30+1)-INDEX($V$144:$V$528,Y30)) -> 1483.3075 | AE30: =INDEX($W$144:$W$528,Y30)+Z30*(INDEX($W$144:$W$528,Y30+1)-INDEX($W$144:$W$528,Y30)) -> 64.338459
A31: ='03 Recorded O'!A18 -> 0.63888889 | B31: ='03 Recorded O'!B18 -> 102.875 | C31: =E31/B31*60 -> 1.4888927 | D31: =B31*'01 Traffic inputs'!$B$8/E31 -> 41.91034 | E31: =AA31-AA30 -> 2.5528307 | F31: =G31/E31 -> 9725.595 | G31: =AB31-AB30 -> 24827.797 | H31: =I31/E31 -> 9.2521191 | I31: =AC31-AC30 -> 23.619093 | J31: =K31/E31 -> 91.705804 | K31: =AD31-AD30 -> 234.10939 | L31: =M31/E31 -> 3.6129594 | M31: =AE31-AE30 -> 9.2232734 | X31: =SUM($B$24:B31) -> 888.4375 | Y31: =MIN(MATCH(X31,$R$144:$R$528,1),384) -> 109 | Z31: =(X31-INDEX($R$144:$R$528,Y31))/(INDEX($R$144:$R$528,Y31+1)-INDEX($R$144:$R$528,Y31)) -> 0.032170791 | AA31: =INDEX($S$144:$S$528,Y31)+Z31*(INDEX($S$144:$S$528,Y31+1)-INDEX($S$144:$S$528,Y31)) -> 16.766852 | AB31: =INDEX($T$144:$T$528,Y31)+Z31*(INDEX($T$144:$T$528,Y31+1)-INDEX($T$144:$T$528,Y31)) -> 243411.16 | AC31: =INDEX($U$144:$U$528,Y31)+Z31*(INDEX($U$144:$U$528,Y31+1)-INDEX($U$144:$U$528,Y31)) -> 309.87234 | AD31: =INDEX($V$144:$V$528,Y31)+Z31*(INDEX($V$144:$V$528,Y31+1)-INDEX($V$144:$V$528,Y31)) -> 1717.4169 | AE31: =INDEX($W$144:$W$528,Y31)+Z31*(INDEX($W$144:$W$528,Y31+1)-INDEX($W$144:$W$528,Y31)) -> 73.561732
A32: ='03 Recorded O'!A19 -> 0.64236111 | B32: ='03 Recorded O'!B19 -> 99.375 | C32: =E32/B32*60 -> 1.6661587 | D32: =B32*'01 Traffic inputs'!$B$8/E32 -> 37.451415 | E32: =AA32-AA31 -> 2.7595753 | F32: =G32/E32 -> 9725.595 | G32: =AB32-AB31 -> 26838.512 | H32: =I32/E32 -> 9.2521191 | I32: =AC32-AC31 -> 25.53192 | J32: =K32/E32 -> 91.705804 | K32: =AD32-AD31 -> 253.06907 | L32: =M32/E32 -> 3.6129594 | M32: =AE32-AE31 -> 9.9702335 | X32: =SUM($B$24:B32) -> 987.8125 | Y32: =MIN(MATCH(X32,$R$144:$R$528,1),384) -> 115 | Z32: =(X32-INDEX($R$144:$R$528,Y32))/(INDEX($R$144:$R$528,Y32+1)-INDEX($R$144:$R$528,Y32)) -> 0.24966281 | AA32: =INDEX($S$144:$S$528,Y32)+Z32*(INDEX($S$144:$S$528,Y32+1)-INDEX($S$144:$S$528,Y32)) -> 19.526428 | AB32: =INDEX($T$144:$T$528,Y32)+Z32*(INDEX($T$144:$T$528,Y32+1)-INDEX($T$144:$T$528,Y32)) -> 270249.67 | AC32: =INDEX($U$144:$U$528,Y32)+Z32*(INDEX($U$144:$U$528,Y32+1)-INDEX($U$144:$U$528,Y32)) -> 335.40426 | AD32: =INDEX($V$144:$V$528,Y32)+Z32*(INDEX($V$144:$V$528,Y32+1)-INDEX($V$144:$V$528,Y32)) -> 1970.4859 | AE32: =INDEX($W$144:$W$528,Y32)+Z32*(INDEX($W$144:$W$528,Y32+1)-INDEX($W$144:$W$528,Y32)) -> 83.531966
A33: ='03 Recorded O'!A20 -> 0.64583333 | B33: ='03 Recorded O'!B20 -> 99.3125 | C33: =E33/B33*60 -> 1.8615828 | D33: =B33*'01 Traffic inputs'!$B$8/E33 -> 33.519863 | E33: =AA33-AA32 -> 3.0813073 | F33: =G33/E33 -> 8681.817 | G33: =AB33-AB32 -> 26751.347 | H33: =I33/E33 -> 7.4786198 | I33: =AC33-AC32 -> 23.043926 | J33: =K33/E33 -> 79.792462 | K33: =AD33-AD32 -> 245.8651 | L33: =M33/E33 -> 3.3060372 | M33: =AE33-AE32 -> 10.186917 | X33: =SUM($B$24:B33) -> 1087.125 | Y33: =MIN(MATCH(X33,$R$144:$R$528,1),384) -> 121 | Z33: =(X33-INDEX($R$144:$R$528,Y33))/(INDEX($R$144:$R$528,Y33+1)-INDEX($R$144:$R$528,Y33)) -> 0.21675548 | AA33: =INDEX($S$144:$S$528,Y33)+Z33*(INDEX($S$144:$S$528,Y33+1)-INDEX($S$144:$S$528,Y33)) -> 22.607735 | AB33: =INDEX($T$144:$T$528,Y33)+Z33*(INDEX($T$144:$T$528,Y33+1)-INDEX($T$144:$T$528,Y33)) -> 297001.02 | AC33: =INDEX($U$144:$U$528,Y33)+Z33*(INDEX($U$144:$U$528,Y33+1)-INDEX($U$144:$U$528,Y33)) -> 358.44819 | AD33: =INDEX($V$144:$V$528,Y33)+Z33*(INDEX($V$144:$V$528,Y33+1)-INDEX($V$144:$V$528,Y33)) -> 2216.351 | AE33: =INDEX($W$144:$W$528,Y33)+Z33*(INDEX($W$144:$W$528,Y33+1)-INDEX($W$144:$W$528,Y33)) -> 93.718883
A34: ='03 Recorded O'!A21 -> 0.64930556 | B34: ='03 Recorded O'!B21 -> 94.520833 | C34: =E34/B34*60 -> 2.0706353 | D34: =B34*'01 Traffic inputs'!$B$8/E34 -> 30.135678 | E34: =AA34-AA33 -> 3.2619696 | F34: =G34/E34 -> 7854.4376 | G34: =AB34-AB33 -> 25620.937 | H34: =I34/E34 -> 6.0728067 | I34: =AC34-AC33 -> 19.809311 | J34: =K34/E34 -> 70.349022 | K34: =AD34-AD33 -> 229.47637 | L34: =M34/E34 -> 3.0627468 | M34: =AE34-AE33 -> 9.990587 | X34: =SUM($B$24:B34) -> 1181.6458 | Y34: =MIN(MATCH(X34,$R$144:$R$528,1),384) -> 126 | Z34: =(X34-INDEX($R$144:$R$528,Y34))/(INDEX($R$144:$R$528,Y34+1)-INDEX($R$144:$R$528,Y34)) -> 0.70466013 | AA34: =INDEX($S$144:$S$528,Y34)+Z34*(INDEX($S$144:$S$528,Y34+1)-INDEX($S$144:$S$528,Y34)) -> 25.869705 | AB34: =INDEX($T$144:$T$528,Y34)+Z34*(INDEX($T$144:$T$528,Y34+1)-INDEX($T$144:$T$528,Y34)) -> 322621.96 | AC34: =INDEX($U$144:$U$528,Y34)+Z34*(INDEX($U$144:$U$528,Y34+1)-INDEX($U$144:$U$528,Y34)) -> 378.2575 | AD34: =INDEX($V$144:$V$528,Y34)+Z34*(INDEX($V$144:$V$528,Y34+1)-INDEX($V$144:$V$528,Y34)) -> 2445.8274 | AE34: =INDEX($W$144:$W$528,Y34)+Z34*(INDEX($W$144:$W$528,Y34+1)-INDEX($W$144:$W$528,Y34)) -> 103.70947
A35: ='03 Recorded O'!A22 -> 0.65277778 | B35: ='03 Recorded O'!B22 -> 91.5625 | C35: =E35/B35*60 -> 2.2837152 | D35: =B35*'01 Traffic inputs'!$B$8/E35 -> 27.323897 | E35: =AA35-AA34 -> 3.4850446 | F35: =G35/E35 -> 7854.4376 | G35: =AB35-AB34 -> 27373.065 | H35: =I35/E35 -> 6.0728067 | I35: =AC35-AC34 -> 21.164002 | J35: =K35/E35 -> 70.349022 | K35: =AD35-AD34 -> 245.16948 | L35: =M35/E35 -> 3.0627468 | M35: =AE35-AE34 -> 10.673809 | X35: =SUM($B$24:B35) -> 1273.2083 | Y35: =MIN(MATCH(X35,$R$144:$R$528,1),384) -> 131 | Z35: =(X35-INDEX($R$144:$R$528,Y35))/(INDEX($R$144:$R$528,Y35+1)-INDEX($R$144:$R$528,Y35)) -> 0.87207631 | AA35: =INDEX($S$144:$S$528,Y35)+Z35*(INDEX($S$144:$S$528,Y35+1)-INDEX($S$144:$S$528,Y35)) -> 29.354749 | AB35: =INDEX($T$144:$T$528,Y35)+Z35*(INDEX($T$144:$T$528,Y35+1)-INDEX($T$144:$T$528,Y35)) -> 349995.02 | AC35: =INDEX($U$144:$U$528,Y35)+Z35*(INDEX($U$144:$U$528,Y35+1)-INDEX($U$144:$U$528,Y35)) -> 399.4215 | AD35: =INDEX($V$144:$V$528,Y35)+Z35*(INDEX($V$144:$V$528,Y35+1)-INDEX($V$144:$V$528,Y35)) -> 2690.9969 | AE35: =INDEX($W$144:$W$528,Y35)+Z35*(INDEX($W$144:$W$528,Y35+1)-INDEX($W$144:$W$528,Y35)) -> 114.38328
A36: ='03 Recorded O'!A23 -> 0.65625 | B36: ='03 Recorded O'!B23 -> 89.708333 | C36: =E36/B36*60 -> 2.5010491 | D36: =B36*'01 Traffic inputs'!$B$8/E36 -> 24.94953 | E36: =AA36-AA35 -> 3.7394158 | F36: =G36/E36 -> 7316.4693 | G36: =AB36-AB35 -> 27359.321 | H36: =I36/E36 -> 4.9083864 | I36: =AC36-AC35 -> 18.354498 | J36: =K36/E36 -> 65.877537 | K36: =AD36-AD35 -> 246.3435 | L36: =M36/E36 -> 2.8812026 | M36: =AE36-AE35 -> 10.774015 | X36: =SUM($B$24:B36) -> 1362.9167 | Y36: =MIN(MATCH(X36,$R$144:$R$528,1),384) -> 136 | Z36: =(X36-INDEX($R$144:$R$528,Y36))/(INDEX($R$144:$R$528,Y36+1)-INDEX($R$144:$R$528,Y36)) -> 0.81467223 | AA36: =INDEX($S$144:$S$528,Y36)+Z36*(INDEX($S$144:$S$528,Y36+1)-INDEX($S$144:$S$528,Y36)) -> 33.094165 | AB36: =INDEX($T$144:$T$528,Y36)+Z36*(INDEX($T$144:$T$528,Y36+1)-INDEX($T$144:$T$528,Y36)) -> 377354.34 | AC36: =INDEX($U$144:$U$528,Y36)+Z36*(INDEX($U$144:$U$528,Y36+1)-INDEX($U$144:$U$528,Y36)) -> 417.776 | AD36: =INDEX($V$144:$V$528,Y36)+Z36*(INDEX($V$144:$V$528,Y36+1)-INDEX($V$144:$V$528,Y36)) -> 2937.3404 | AE36: =INDEX($W$144:$W$528,Y36)+Z36*(INDEX($W$144:$W$528,Y36+1)-INDEX($W$144:$W$528,Y36)) -> 125.15729
... A80: ='03 Recorded O'!A67 -> 0.80902778 | B80: ='03 Recorded O'!B67 -> 87.625 | C80: =E80/B80*60 -> 0.97265102 | D80: =B80*'01 Traffic inputs'!$B$8/E80 -> 64.154562 | E80: =AA80-AA79 -> 1.4204758 | F80: =G80/E80 -> 20071.08 | G80: =AB80-AB79 -> 28510.482 | H80: =I80/E80 -> 29.264566 | I80: =AC80-AC79 -> 41.569606 | J80: =K80/E80 -> 130.97294 | K80: =AD80-AD79 -> 186.04388 | L80: =M80/E80 -> 5.3594492 | M80: =AE80-AE79 -> 7.6129677 | X80: =SUM($B$24:B80) -> 4789.25 | Y80: =MIN(MATCH(X80,$R$144:$R$528,1),384) -> 384 | Z80: =(X80-INDEX($R$144:$R$528,Y80))/(INDEX($R$144:$R$528,Y80+1)-INDEX($R$144:$R$528,Y80)) -> 1 | AA80: =INDEX($S$144:$S$528,Y80)+Z80*(INDEX($S$144:$S$528,Y80+1)-INDEX($S$144:$S$528,Y80)) -> 197.03998 | AB80: =INDEX($T$144:$T$528,Y80)+Z80*(INDEX($T$144:$T$528,Y80+1)-INDEX($T$144:$T$528,Y80)) -> 1657640 | AC80: =INDEX($U$144:$U$528,Y80)+Z80*(INDEX($U$144:$U$528,Y80+1)-INDEX($U$144:$U$528,Y80)) -> 1360.9023 | AD80: =INDEX($V$144:$V$528,Y80)+Z80*(INDEX($V$144:$V$528,Y80+1)-INDEX($V$144:$V$528,Y80)) -> 14045.025 | AE80: =INDEX($W$144:$W$528,Y80)+Z80*(INDEX($W$144:$W$528,Y80+1)-INDEX($W$144:$W$528,Y80)) -> 609.21551
A82: Total / mean | B82: =SUM(B24:B80) -> 4789.25 | C82: =E82/B82*60 -> 2.4685282 | D82: =B82*'01 Traffic inputs'!$B$8/E82 -> 25.278221 | E82: =SUM(E24:E80) -> 197.03998 | F82: =G82/E82 -> 8412.709 | G82: =SUM(G24:G80) -> 1657640 | H82: =I82/E82 -> 6.9067322 | I82: =SUM(I24:I80) -> 1360.9023 | J82: =K82/E82 -> 71.280077 | K82: =SUM(K24:K80) -> 14045.025 | L82: =M82/E82 -> 3.0918371 | M82: =SUM(M24:M80) -> 609.21551
A89: Iteration | B89: Lower a | C89: Upper a | D89: Midpoint a | E89: Mean shape
A90: =1 -> 1 | B90: =1 -> 1 | C90: =10000 -> 10000 | D90: =(B90+C90)/2 -> 5000.5 | E90: =EXP(D90*LN(4)+2*GAMMALN(D90+1)-GAMMALN(2*D90+2)) -> 0.012531575
A91: =2 -> 2 | B91: =IF(E90>'01 Traffic inputs'!$B$16,D90,B90) -> 1 | C91: =IF(E90>'01 Traffic inputs'!$B$16,C90,D90) -> 5000.5 | D91: =(B91+C91)/2 -> 2500.75 | E91: =EXP(D91*LN(4)+2*GAMMALN(D91+1)-GAMMALN(2*D91+2)) -> 0.017719223
A92: =3 -> 3 | B92: =IF(E91>'01 Traffic inputs'!$B$16,D91,B91) -> 1 | C92: =IF(E91>'01 Traffic inputs'!$B$16,C91,D91) -> 2500.75 | D92: =(B92+C92)/2 -> 1250.875 | E92: =EXP(D92*LN(4)+2*GAMMALN(D92+1)-GAMMALN(2*D92+2)) -> 0.025050005
A93: =4 -> 4 | B93: =IF(E92>'01 Traffic inputs'!$B$16,D92,B92) -> 1 | C93: =IF(E92>'01 Traffic inputs'!$B$16,C92,D92) -> 1250.875 | D93: =(B93+C93)/2 -> 625.9375 | E93: =EXP(D93*LN(4)+2*GAMMALN(D93+1)-GAMMALN(2*D93+2)) -> 0.035401316
A94: =5 -> 5 | B94: =IF(E93>'01 Traffic inputs'!$B$16,D93,B93) -> 1 | C94: =IF(E93>'01 Traffic inputs'!$B$16,C93,D93) -> 625.9375 | D94: =(B94+C94)/2 -> 313.46875 | E94: =EXP(D94*LN(4)+2*GAMMALN(D94+1)-GAMMALN(2*D94+2)) -> 0.049995259
A95: =6 -> 6 | B95: =IF(E94>'01 Traffic inputs'!$B$16,D94,B94) -> 1 | C95: =IF(E94>'01 Traffic inputs'!$B$16,C94,D94) -> 313.46875 | D95: =(B95+C95)/2 -> 157.23438 | E95: =EXP(D95*LN(4)+2*GAMMALN(D95+1)-GAMMALN(2*D95+2)) -> 0.070507871
A96: =7 -> 7 | B96: =IF(E95>'01 Traffic inputs'!$B$16,D95,B95) -> 1 | C96: =IF(E95>'01 Traffic inputs'!$B$16,C95,D95) -> 157.23438 | D96: =(B96+C96)/2 -> 79.117188 | E96: =EXP(D96*LN(4)+2*GAMMALN(D96+1)-GAMMALN(2*D96+2)) -> 0.099165289
A97: =8 -> 8 | B97: =IF(E96>'01 Traffic inputs'!$B$16,D96,B96) -> 1 | C97: =IF(E96>'01 Traffic inputs'!$B$16,C96,D96) -> 79.117188 | D97: =(B97+C97)/2 -> 40.058594 | E97: =EXP(D97*LN(4)+2*GAMMALN(D97+1)-GAMMALN(2*D97+2)) -> 0.1387283
A98: =9 -> 9 | B98: =IF(E97>'01 Traffic inputs'!$B$16,D97,B97) -> 1 | C98: =IF(E97>'01 Traffic inputs'!$B$16,C97,D97) -> 40.058594 | D98: =(B98+C98)/2 -> 20.529297 | E98: =EXP(D98*LN(4)+2*GAMMALN(D98+1)-GAMMALN(2*D98+2)) -> 0.1921106
A99: =10 -> 10 | B99: =IF(E98>'01 Traffic inputs'!$B$16,D98,B98) -> 1 | C99: =IF(E98>'01 Traffic inputs'!$B$16,C98,D98) -> 20.529297 | D99: =(B99+C99)/2 -> 10.764648 | E99: =EXP(D99*LN(4)+2*GAMMALN(D99+1)-GAMMALN(2*D99+2)) -> 0.26113704
A100: =11 -> 11 | B100: =IF(E99>'01 Traffic inputs'!$B$16,D99,B99) -> 1 | C100: =IF(E99>'01 Traffic inputs'!$B$16,C99,D99) -> 10.764648 | D100: =(B100+C100)/2 -> 5.8823242 | E100: =EXP(D100*LN(4)+2*GAMMALN(D100+1)-GAMMALN(2*D100+2)) -> 0.34399992
A101: =12 -> 12 | B101: =IF(E100>'01 Traffic inputs'!$B$16,D100,B100) -> 1 | C101: =IF(E100>'01 Traffic inputs'!$B$16,C100,D100) -> 5.8823242 | D101: =(B101+C101)/2 -> 3.4411621 | E101: =EXP(D101*LN(4)+2*GAMMALN(D101+1)-GAMMALN(2*D101+2)) -> 0.4325086
A102: =13 -> 13 | B102: =IF(E101>'01 Traffic inputs'!$B$16,D101,B101) -> 1 | C102: =IF(E101>'01 Traffic inputs'!$B$16,C101,D101) -> 3.4411621 | D102: =(B102+C102)/2 -> 2.2205811 | E102: =EXP(D102*LN(4)+2*GAMMALN(D102+1)-GAMMALN(2*D102+2)) -> 0.51329633
A103: =14 -> 14 | B103: =IF(E102>'01 Traffic inputs'!$B$16,D102,B102) -> 2.2205811 | C103: =IF(E102>'01 Traffic inputs'!$B$16,C102,D102) -> 3.4411621 | D103: =(B103+C103)/2 -> 2.8308716 | E103: =EXP(D103*LN(4)+2*GAMMALN(D103+1)-GAMMALN(2*D103+2)) -> 0.46776484
A104: =15 -> 15 | B104: =IF(E103>'01 Traffic inputs'!$B$16,D103,B103) -> 2.8308716 | C104: =IF(E103>'01 Traffic inputs'!$B$16,C103,D103) -> 3.4411621 | D104: =(B104+C104)/2 -> 3.1360168 | E104: =EXP(D104*LN(4)+2*GAMMALN(D104+1)-GAMMALN(2*D104+2)) -> 0.44910485
A105: =16 -> 16 | B105: =IF(E104>'01 Traffic inputs'!$B$16,D104,B104) -> 3.1360168 | C105: =IF(E104>'01 Traffic inputs'!$B$16,C104,D104) -> 3.4411621 | D105: =(B105+C105)/2 -> 3.2885895 | E105: =EXP(D105*LN(4)+2*GAMMALN(D105+1)-GAMMALN(2*D105+2)) -> 0.44057303
A106: =17 -> 17 | B106: =IF(E105>'01 Traffic inputs'!$B$16,D105,B105) -> 3.2885895 | C106: =IF(E105>'01 Traffic inputs'!$B$16,C105,D105) -> 3.4411621 | D106: =(B106+C106)/2 -> 3.3648758 | E106: =EXP(D106*LN(4)+2*GAMMALN(D106+1)-GAMMALN(2*D106+2)) -> 0.43648508
A107: =18 -> 18 | B107: =IF(E106>'01 Traffic inputs'!$B$16,D106,B106) -> 3.3648758 | C107: =IF(E106>'01 Traffic inputs'!$B$16,C106,D106) -> 3.4411621 | D107: =(B107+C107)/2 -> 3.403019 | E107: =EXP(D107*LN(4)+2*GAMMALN(D107+1)-GAMMALN(2*D107+2)) -> 0.43448322
A108: =19 -> 19 | B108: =IF(E107>'01 Traffic inputs'!$B$16,D107,B107) -> 3.3648758 | C108: =IF(E107>'01 Traffic inputs'!$B$16,C107,D107) -> 3.403019 | D108: =(B108+C108)/2 -> 3.3839474 | E108: =EXP(D108*LN(4)+2*GAMMALN(D108+1)-GAMMALN(2*D108+2)) -> 0.43548071
A109: =20 -> 20 | B109: =IF(E108>'01 Traffic inputs'!$B$16,D108,B108) -> 3.3839474 | C109: =IF(E108>'01 Traffic inputs'!$B$16,C108,D108) -> 3.403019 | D109: =(B109+C109)/2 -> 3.3934832 | E109: =EXP(D109*LN(4)+2*GAMMALN(D109+1)-GAMMALN(2*D109+2)) -> 0.43498111
A110: =21 -> 21 | B110: =IF(E109>'01 Traffic inputs'!$B$16,D109,B109) -> 3.3934832 | C110: =IF(E109>'01 Traffic inputs'!$B$16,C109,D109) -> 3.403019 | D110: =(B110+C110)/2 -> 3.3982511 | E110: =EXP(D110*LN(4)+2*GAMMALN(D110+1)-GAMMALN(2*D110+2)) -> 0.43473195
A111: =22 -> 22 | B111: =IF(E110>'01 Traffic inputs'!$B$16,D110,B110) -> 3.3934832 | C111: =IF(E110>'01 Traffic inputs'!$B$16,C110,D110) -> 3.3982511 | D111: =(B111+C111)/2 -> 3.3958671 | E111: =EXP(D111*LN(4)+2*GAMMALN(D111+1)-GAMMALN(2*D111+2)) -> 0.43485648
A112: =23 -> 23 | B112: =IF(E111>'01 Traffic inputs'!$B$16,D111,B111) -> 3.3958671 | C112: =IF(E111>'01 Traffic inputs'!$B$16,C111,D111) -> 3.3982511 | D112: =(B112+C112)/2 -> 3.3970591 | E112: =EXP(D112*LN(4)+2*GAMMALN(D112+1)-GAMMALN(2*D112+2)) -> 0.4347942
A113: =24 -> 24 | B113: =IF(E112>'01 Traffic inputs'!$B$16,D112,B112) -> 3.3958671 | C113: =IF(E112>'01 Traffic inputs'!$B$16,C112,D112) -> 3.3970591 | D113: =(B113+C113)/2 -> 3.3964631 | E113: =EXP(D113*LN(4)+2*GAMMALN(D113+1)-GAMMALN(2*D113+2)) -> 0.43482534
A114: =25 -> 25 | B114: =IF(E113>'01 Traffic inputs'!$B$16,D113,B113) -> 3.3958671 | C114: =IF(E113>'01 Traffic inputs'!$B$16,C113,D113) -> 3.3964631 | D114: =(B114+C114)/2 -> 3.3961651 | E114: =EXP(D114*LN(4)+2*GAMMALN(D114+1)-GAMMALN(2*D114+2)) -> 0.43484091
A115: =26 -> 26 | B115: =IF(E114>'01 Traffic inputs'!$B$16,D114,B114) -> 3.3961651 | C115: =IF(E114>'01 Traffic inputs'!$B$16,C114,D114) -> 3.3964631 | D115: =(B115+C115)/2 -> 3.3963141 | E115: =EXP(D115*LN(4)+2*GAMMALN(D115+1)-GAMMALN(2*D115+2)) -> 0.43483312
A116: =27 -> 27 | B116: =IF(E115>'01 Traffic inputs'!$B$16,D115,B115) -> 3.3963141 | C116: =IF(E115>'01 Traffic inputs'!$B$16,C115,D115) -> 3.3964631 | D116: =(B116+C116)/2 -> 3.3963886 | E116: =EXP(D116*LN(4)+2*GAMMALN(D116+1)-GAMMALN(2*D116+2)) -> 0.43482923
A117: =28 -> 28 | B117: =IF(E116>'01 Traffic inputs'!$B$16,D116,B116) -> 3.3963141 | C117: =IF(E116>'01 Traffic inputs'!$B$16,C116,D116) -> 3.3963886 | D117: =(B117+C117)/2 -> 3.3963513 | E117: =EXP(D117*LN(4)+2*GAMMALN(D117+1)-GAMMALN(2*D117+2)) -> 0.43483118
A118: =29 -> 29 | B118: =IF(E117>'01 Traffic inputs'!$B$16,D117,B117) -> 3.3963513 | C118: =IF(E117>'01 Traffic inputs'!$B$16,C117,D117) -> 3.3963886 | D118: =(B118+C118)/2 -> 3.39637 | E118: =EXP(D118*LN(4)+2*GAMMALN(D118+1)-GAMMALN(2*D118+2)) -> 0.4348302
A119: =30 -> 30 | B119: =IF(E118>'01 Traffic inputs'!$B$16,D118,B118) -> 3.39637 | C119: =IF(E118>'01 Traffic inputs'!$B$16,C118,D118) -> 3.3963886 | D119: =(B119+C119)/2 -> 3.3963793 | E119: =EXP(D119*LN(4)+2*GAMMALN(D119+1)-GAMMALN(2*D119+2)) -> 0.43482972
A120: =31 -> 31 | B120: =IF(E119>'01 Traffic inputs'!$B$16,D119,B119) -> 3.3963793 | C120: =IF(E119>'01 Traffic inputs'!$B$16,C119,D119) -> 3.3963886 | D120: =(B120+C120)/2 -> 3.3963839 | E120: =EXP(D120*LN(4)+2*GAMMALN(D120+1)-GAMMALN(2*D120+2)) -> 0.43482947
A121: =32 -> 32 | B121: =IF(E120>'01 Traffic inputs'!$B$16,D120,B120) -> 3.3963839 | C121: =IF(E120>'01 Traffic inputs'!$B$16,C120,D120) -> 3.3963886 | D121: =(B121+C121)/2 -> 3.3963863 | E121: =EXP(D121*LN(4)+2*GAMMALN(D121+1)-GAMMALN(2*D121+2)) -> 0.43482935
A122: =33 -> 33 | B122: =IF(E121>'01 Traffic inputs'!$B$16,D121,B121) -> 3.3963839 | C122: =IF(E121>'01 Traffic inputs'!$B$16,C121,D121) -> 3.3963863 | D122: =(B122+C122)/2 -> 3.3963851 | E122: =EXP(D122*LN(4)+2*GAMMALN(D122+1)-GAMMALN(2*D122+2)) -> 0.43482941
A123: =34 -> 34 | B123: =IF(E122>'01 Traffic inputs'!$B$16,D122,B122) -> 3.3963851 | C123: =IF(E122>'01 Traffic inputs'!$B$16,C122,D122) -> 3.3963863 | D123: =(B123+C123)/2 -> 3.3963857 | E123: =EXP(D123*LN(4)+2*GAMMALN(D123+1)-GAMMALN(2*D123+2)) -> 0.43482938
A124: =35 -> 35 | B124: =IF(E123>'01 Traffic inputs'!$B$16,D123,B123) -> 3.3963857 | C124: =IF(E123>'01 Traffic inputs'!$B$16,C123,D123) -> 3.3963863 | D124: =(B124+C124)/2 -> 3.396386 | E124: =EXP(D124*LN(4)+2*GAMMALN(D124+1)-GAMMALN(2*D124+2)) -> 0.43482937
A125: =36 -> 36 | B125: =IF(E124>'01 Traffic inputs'!$B$16,D124,B124) -> 3.3963857 | C125: =IF(E124>'01 Traffic inputs'!$B$16,C124,D124) -> 3.396386 | D125: =(B125+C125)/2 -> 3.3963858 | E125: =EXP(D125*LN(4)+2*GAMMALN(D125+1)-GAMMALN(2*D125+2)) -> 0.43482937
A126: =37 -> 37 | B126: =IF(E125>'01 Traffic inputs'!$B$16,D125,B125) -> 3.3963858 | C126: =IF(E125>'01 Traffic inputs'!$B$16,C125,D125) -> 3.396386 | D126: =(B126+C126)/2 -> 3.3963859 | E126: =EXP(D126*LN(4)+2*GAMMALN(D126+1)-GAMMALN(2*D126+2)) -> 0.43482937
A127: =38 -> 38 | B127: =IF(E126>'01 Traffic inputs'!$B$16,D126,B126) -> 3.3963859 | C127: =IF(E126>'01 Traffic inputs'!$B$16,C126,D126) -> 3.396386 | D127: =(B127+C127)/2 -> 3.3963859 | E127: =EXP(D127*LN(4)+2*GAMMALN(D127+1)-GAMMALN(2*D127+2)) -> 0.43482937
A128: =39 -> 39 | B128: =IF(E127>'01 Traffic inputs'!$B$16,D127,B127) -> 3.3963859 | C128: =IF(E127>'01 Traffic inputs'!$B$16,C127,D127) -> 3.3963859 | D128: =(B128+C128)/2 -> 3.3963859 | E128: =EXP(D128*LN(4)+2*GAMMALN(D128+1)-GAMMALN(2*D128+2)) -> 0.43482937
A129: =40 -> 40 | B129: =IF(E128>'01 Traffic inputs'!$B$16,D128,B128) -> 3.3963859 | C129: =IF(E128>'01 Traffic inputs'!$B$16,C128,D128) -> 3.3963859 | D129: =(B129+C129)/2 -> 3.3963859 | E129: =EXP(D129*LN(4)+2*GAMMALN(D129+1)-GAMMALN(2*D129+2)) -> 0.43482937
A130: =41 -> 41 | B130: =IF(E129>'01 Traffic inputs'!$B$16,D129,B129) -> 3.3963859 | C130: =IF(E129>'01 Traffic inputs'!$B$16,C129,D129) -> 3.3963859 | D130: =(B130+C130)/2 -> 3.3963859 | E130: =EXP(D130*LN(4)+2*GAMMALN(D130+1)-GAMMALN(2*D130+2)) -> 0.43482937
A131: =42 -> 42 | B131: =IF(E130>'01 Traffic inputs'!$B$16,D130,B130) -> 3.3963859 | C131: =IF(E130>'01 Traffic inputs'!$B$16,C130,D130) -> 3.3963859 | D131: =(B131+C131)/2 -> 3.3963859 | E131: =EXP(D131*LN(4)+2*GAMMALN(D131+1)-GAMMALN(2*D131+2)) -> 0.43482937
A132: =43 -> 43 | B132: =IF(E131>'01 Traffic inputs'!$B$16,D131,B131) -> 3.3963859 | C132: =IF(E131>'01 Traffic inputs'!$B$16,C131,D131) -> 3.3963859 | D132: =(B132+C132)/2 -> 3.3963859 | E132: =EXP(D132*LN(4)+2*GAMMALN(D132+1)-GAMMALN(2*D132+2)) -> 0.43482937
A133: =44 -> 44 | B133: =IF(E132>'01 Traffic inputs'!$B$16,D132,B132) -> 3.3963859 | C133: =IF(E132>'01 Traffic inputs'!$B$16,C132,D132) -> 3.3963859 | D133: =(B133+C133)/2 -> 3.3963859 | E133: =EXP(D133*LN(4)+2*GAMMALN(D133+1)-GAMMALN(2*D133+2)) -> 0.43482937
A134: =45 -> 45 | B134: =IF(E133>'01 Traffic inputs'!$B$16,D133,B133) -> 3.3963859 | C134: =IF(E133>'01 Traffic inputs'!$B$16,C133,D133) -> 3.3963859 | D134: =(B134+C134)/2 -> 3.3963859 | E134: =EXP(D134*LN(4)+2*GAMMALN(D134+1)-GAMMALN(2*D134+2)) -> 0.43482937
A135: =46 -> 46 | B135: =IF(E134>'01 Traffic inputs'!$B$16,D134,B134) -> 3.3963859 | C135: =IF(E134>'01 Traffic inputs'!$B$16,C134,D134) -> 3.3963859 | D135: =(B135+C135)/2 -> 3.3963859 | E135: =EXP(D135*LN(4)+2*GAMMALN(D135+1)-GAMMALN(2*D135+2)) -> 0.43482937
A136: =47 -> 47 | B136: =IF(E135>'01 Traffic inputs'!$B$16,D135,B135) -> 3.3963859 | C136: =IF(E135>'01 Traffic inputs'!$B$16,C135,D135) -> 3.3963859 | D136: =(B136+C136)/2 -> 3.3963859 | E136: =EXP(D136*LN(4)+2*GAMMALN(D136+1)-GAMMALN(2*D136+2)) -> 0.43482937
A137: =48 -> 48 | B137: =IF(E136>'01 Traffic inputs'!$B$16,D136,B136) -> 3.3963859 | C137: =IF(E136>'01 Traffic inputs'!$B$16,C136,D136) -> 3.3963859 | D137: =(B137+C137)/2 -> 3.3963859 | E137: =EXP(D137*LN(4)+2*GAMMALN(D137+1)-GAMMALN(2*D137+2)) -> 0.43482937
A138: =49 -> 49 | B138: =IF(E137>'01 Traffic inputs'!$B$16,D137,B137) -> 3.3963859 | C138: =IF(E137>'01 Traffic inputs'!$B$16,C137,D137) -> 3.3963859 | D138: =(B138+C138)/2 -> 3.3963859 | E138: =EXP(D138*LN(4)+2*GAMMALN(D138+1)-GAMMALN(2*D138+2)) -> 0.43482937
A139: =50 -> 50 | B139: =IF(E138>'01 Traffic inputs'!$B$16,D138,B138) -> 3.3963859 | C139: =IF(E138>'01 Traffic inputs'!$B$16,C138,D138) -> 3.3963859 | D139: =(B139+C139)/2 -> 3.3963859 | E139: =EXP(D139*LN(4)+2*GAMMALN(D139+1)-GAMMALN(2*D139+2)) -> 0.43482937
A143: Position u | B143: GL weight | C143: Delay shape h | D143: Derivative h′ | E143: Vehicle count | F143: Trip time (h) | G143: Vehicle-hours | H143: Trip speed (mph) | I143: Rate row | J143: CO₂ rate | K143: NOₓ rate | L143: CO rate | M143: HC rate | N143: CO₂ (g) | O143: NOₓ (g) | P143: CO (g) | Q143: HC (g) | R143: Cumulative count | S143: Cumulative VHT | T143: Cumulative CO₂ | U143: Cumulative NOₓ | V143: Cumulative CO | W143: Cumulative HC
R144: 0 | S144: 0 | T144: 0 | U144: 0 | V144: 0 | W144: 0
A145: ='01 Traffic inputs'!B95 -> 9.7794137e-06 | B145: ='01 Traffic inputs'!C95 -> 2.5097052e-05 | C145: =IF('01 Traffic inputs'!$B$16<=2/3,(4*A145*(1-A145))^$B$16,1-ABS(2*A145-1)^$B$17) -> 1.0714763e-15 | D145: =IF('01 Traffic inputs'!$B$16<=2/3,4*$B$16*(1-2*A145)*(4*A145*(1-A145))^($B$16-1),-2*$B$17*SIGN(2*A145-1)*ABS(2*A145-1)^($B$17-1)) -> 3.721196e-10 | E145: =$B$7*B145*(1+$B$11/$B$9*D145) -> 0.12019606 | F145: =$B$10+$B$11*C145 -> 0.016209129 | G145: =E145*F145 -> 0.0019482734 | H145: ='01 Traffic inputs'!$B$8/F145 -> 64.161375 | I145: =MATCH(H145,'02 Emission rates'!$A$7:$A$15,1) -> 6 | J145: =INDEX('02 Emission rates'!$D$7:$D$15,I145) -> 20615.635 | K145: =INDEX('02 Emission rates'!$E$7:$E$15,I145) -> 30.344373 | L145: =INDEX('02 Emission rates'!$F$7:$F$15,I145) -> 135.13776 | M145: =INDEX('02 Emission rates'!$G$7:$G$15,I145) -> 5.47023 | N145: =G145*J145 -> 40.164893 | O145: =G145*K145 -> 0.059119134 | P145: =G145*L145 -> 0.2632853 | Q145: =G145*M145 -> 0.010657503 | R145: =R144+E145 -> 0.12019606 | S145: =S144+G145 -> 0.0019482734 | T145: =T144+N145 -> 40.164893 | U145: =U144+O145 -> 0.059119134 | V145: =V144+P145 -> 0.2632853 | W145: =W144+Q145 -> 0.010657503
A146: ='01 Traffic inputs'!B96 -> 5.1526431e-05 | B146: ='01 Traffic inputs'!C96 -> 5.8419533e-05 | C146: =IF('01 Traffic inputs'!$B$16<=2/3,(4*A146*(1-A146))^$B$16,1-ABS(2*A146-1)^$B$17) -> 3.0279681e-13 | D146: =IF('01 Traffic inputs'!$B$16<=2/3,4*$B$16*(1-2*A146)*(4*A146*(1-A146))^($B$16-1),-2*$B$17*SIGN(2*A146-1)*ABS(2*A146-1)^($B$17-1)) -> 1.9957948e-08 | E146: =$B$7*B146*(1+$B$11/$B$9*D146) -> 0.27978575 | F146: =$B$10+$B$11*C146 -> 0.016209129 | G146: =E146*F146 -> 0.0045350833 | H146: ='01 Traffic inputs'!$B$8/F146 -> 64.161375 | I146: =MATCH(H146,'02 Emission rates'!$A$7:$A$15,1) -> 6 | J146: =INDEX('02 Emission rates'!$D$7:$D$15,I146) -> 20615.635 | K146: =INDEX('02 Emission rates'!$E$7:$E$15,I146) -> 30.344373 | L146: =INDEX('02 Emission rates'!$F$7:$F$15,I146) -> 135.13776 | M146: =INDEX('02 Emission rates'!$G$7:$G$15,I146) -> 5.47023 | N146: =G146*J146 -> 93.493623 | O146: =G146*K146 -> 0.13761426 | P146: =G146*L146 -> 0.61286101 | Q146: =G146*M146 -> 0.024807949 | R146: =R145+E146 -> 0.3999818 | S146: =S145+G146 -> 0.0064833567 | T146: =T145+N146 -> 133.65852 | U146: =U145+O146 -> 0.19673339 | V146: =V145+P146 -> 0.87614632 | W146: =W145+Q146 -> 0.035465452
A147: ='01 Traffic inputs'!B97 -> 0.00012662959 | B147: ='01 Traffic inputs'!C97 -> 9.178746e-05 | C147: =IF('01 Traffic inputs'!$B$16<=2/3,(4*A147*(1-A147))^$B$16,1-ABS(2*A147-1)^$B$17) -> 6.4172169e-12 | D147: =IF('01 Traffic inputs'!$B$16<=2/3,4*$B$16*(1-2*A147)*(4*A147*(1-A147))^($B$16-1),-2*$B$17*SIGN(2*A147-1)*ABS(2*A147-1)^($B$17-1)) -> 1.7209709e-07 | E147: =$B$7*B147*(1+$B$11/$B$9*D147) -> 0.43959309 | F147: =$B$10+$B$11*C147 -> 0.016209129 | G147: =E147*F147 -> 0.0071254211 | H147: ='01 Traffic inputs'!$B$8/F147 -> 64.161375 | I147: =MATCH(H147,'02 Emission rates'!$A$7:$A$15,1) -> 6 | J147: =INDEX('02 Emission rates'!$D$7:$D$15,I147) -> 20615.635 | K147: =INDEX('02 Emission rates'!$E$7:$E$15,I147) -> 30.344373 | L147: =INDEX('02 Emission rates'!$F$7:$F$15,I147) -> 135.13776 | M147: =INDEX('02 Emission rates'!$G$7:$G$15,I147) -> 5.47023 | N147: =G147*J147 -> 146.89508 | O147: =G147*K147 -> 0.21621644 | P147: =G147*L147 -> 0.96291347 | Q147: =G147*M147 -> 0.038977693 | R147: =R146+E147 -> 0.8395749 | S147: =S146+G147 -> 0.013608778 | T147: =T146+N147 -> 280.5536 | U147: =U146+O147 -> 0.41294983 | V147: =V146+P147 -> 1.8390598 | W147: =W146+Q147 -> 0.074443145
A148: ='01 Traffic inputs'!B98 -> 0.00023510057 | B148: ='01 Traffic inputs'!C98 -> 0.00012515354 | C148: =IF('01 Traffic inputs'!$B$16<=2/3,(4*A148*(1-A148))^$B$16,1-ABS(2*A148-1)^$B$17) -> 5.2463628e-11 | D148: =IF('01 Traffic inputs'!$B$16<=2/3,4*$B$16*(1-2*A148)*(4*A148*(1-A148))^($B$16-1),-2*$B$17*SIGN(2*A148-1)*ABS(2*A148-1)^($B$17-1)) -> 7.5773881e-07 | E148: =$B$7*B148*(1+$B$11/$B$9*D148) -> 0.59939162 | F148: =$B$10+$B$11*C148 -> 0.016209129 | G148: =E148*F148 -> 0.0097156161 | H148: ='01 Traffic inputs'!$B$8/F148 -> 64.161375 | I148: =MATCH(H148,'02 Emission rates'!$A$7:$A$15,1) -> 6 | J148: =INDEX('02 Emission rates'!$D$7:$D$15,I148) -> 20615.635 | K148: =INDEX('02 Emission rates'!$E$7:$E$15,I148) -> 30.344373 | L148: =INDEX('02 Emission rates'!$F$7:$F$15,I148) -> 135.13776 | M148: =INDEX('02 Emission rates'!$G$7:$G$15,I148) -> 5.47023 | N148: =G148*J148 -> 200.2936 | O148: =G148*K148 -> 0.29481428 | P148: =G148*L148 -> 1.3129466 | Q148: =G148*M148 -> 0.053146655 | R148: =R147+E148 -> 1.4389665 | S148: =S147+G148 -> 0.023324394 | T148: =T147+N148 -> 480.84719 | U148: =U147+O148 -> 0.70776411 | V148: =V147+P148 -> 3.1520064 | W148: =W147+Q148 -> 0.1275898
A149: ='01 Traffic inputs'!B99 -> 0.00037693417 | B149: ='01 Traffic inputs'!C99 -> 0.00015851213 | C149: =IF('01 Traffic inputs'!$B$16<=2/3,(4*A149*(1-A149))^$B$16,1-ABS(2*A149-1)^$B$17) -> 2.6058434e-10 | D149: =IF('01 Traffic inputs'!$B$16<=2/3,4*$B$16*(1-2*A149)*(4*A149*(1-A149))^($B$16-1),-2*$B$17*SIGN(2*A149-1)*ABS(2*A149-1)^($B$17-1)) -> 2.3471241e-06 | E149: =$B$7*B149*(1+$B$11/$B$9*D149) -> 0.75915427 | F149: =$B$10+$B$11*C149 -> 0.016209129 | G149: =E149*F149 -> 0.012305229 | H149: ='01 Traffic inputs'!$B$8/F149 -> 64.161375 | I149: =MATCH(H149,'02 Emission rates'!$A$7:$A$15,1) -> 6 | J149: =INDEX('02 Emission rates'!$D$7:$D$15,I149) -> 20615.635 | K149: =INDEX('02 Emission rates'!$E$7:$E$15,I149) -> 30.344373 | L149: =INDEX('02 Emission rates'!$F$7:$F$15,I149) -> 135.13776 | M149: =INDEX('02 Emission rates'!$G$7:$G$15,I149) -> 5.47023 | N149: =G149*J149 -> 253.68012 | O149: =G149*K149 -> 0.37339447 | P149: =G149*L149 -> 1.6629012 | Q149: =G149*M149 -> 0.067312436 | R149: =R148+E149 -> 2.1981208 | S149: =S148+G149 -> 0.035629623 | T149: =T148+N149 -> 734.52731 | U149: =U148+O149 -> 1.0811586 | V149: =V148+P149 -> 4.8149076 | W149: =W148+Q149 -> 0.19490224
A150: ='01 Traffic inputs'!B100 -> 0.0005521214 | B150: ='01 Traffic inputs'!C100 -> 0.0001918604 | C150: =IF('01 Traffic inputs'!$B$16<=2/3,(4*A150*(1-A150))^$B$16,1-ABS(2*A150-1)^$B$17) -> 9.5215035e-10 | D150: =IF('01 Traffic inputs'!$B$16<=2/3,4*$B$16*(1-2*A150)*(4*A150*(1-A150))^($B$16-1),-2*$B$17*SIGN(2*A150-1)*ABS(2*A150-1)^($B$17-1)) -> 5.8539365e-06 | E150: =$B$7*B150*(1+$B$11/$B$9*D150) -> 0.9188675 | F150: =$B$10+$B$11*C150 -> 0.016209129 | G150: =E150*F150 -> 0.014894042 | H150: ='01 Traffic inputs'!$B$8/F150 -> 64.161375 | I150: =MATCH(H150,'02 Emission rates'!$A$7:$A$15,1) -> 6 | J150: =INDEX('02 Emission rates'!$D$7:$D$15,I150) -> 20615.635 | K150: =INDEX('02 Emission rates'!$E$7:$E$15,I150) -> 30.344373 | L150: =INDEX('02 Emission rates'!$F$7:$F$15,I150) -> 135.13776 | M150: =INDEX('02 Emission rates'!$G$7:$G$15,I150) -> 5.47023 | N150: =G150*J150 -> 307.05013 | O150: =G150*K150 -> 0.45195036 | P150: =G150*L150 -> 2.0127475 | Q150: =G150*M150 -> 0.081473835 | R150: =R149+E150 -> 3.1169883 | S150: =S149+G150 -> 0.050523665 | T150: =T149+N150 -> 1041.5774 | U150: =U149+O150 -> 1.5331089 | V150: =V149+P150 -> 6.8276551 | W150: =W149+Q150 -> 0.27637607
A151: ='01 Traffic inputs'!B101 -> 0.00076065073 | B151: ='01 Traffic inputs'!C101 -> 0.00022519596 | C151: =IF('01 Traffic inputs'!$B$16<=2/3,(4*A151*(1-A151))^$B$16,1-ABS(2*A151-1)^$B$17) -> 2.8249271e-09 | D151: =IF('01 Traffic inputs'!$B$16<=2/3,4*$B$16*(1-2*A151)*(4*A151*(1-A151))^($B$16-1),-2*$B$17*SIGN(2*A151-1)*ABS(2*A151-1)^($B$17-1)) -> 1.2603997e-05 | E151: =$B$7*B151*(1+$B$11/$B$9*D151) -> 1.0785199 | F151: =$B$10+$B$11*C151 -> 0.016209129 | G151: =E151*F151 -> 0.017481869 | H151: ='01 Traffic inputs'!$B$8/F151 -> 64.161374 | I151: =MATCH(H151,'02 Emission rates'!$A$7:$A$15,1) -> 6 | J151: =INDEX('02 Emission rates'!$D$7:$D$15,I151) -> 20615.635 | K151: =INDEX('02 Emission rates'!$E$7:$E$15,I151) -> 30.344373 | L151: =INDEX('02 Emission rates'!$F$7:$F$15,I151) -> 135.13776 | M151: =INDEX('02 Emission rates'!$G$7:$G$15,I151) -> 5.47023 | N151: =G151*J151 -> 360.39982 | O151: =G151*K151 -> 0.53047634 | P151: =G151*L151 -> 2.3624606 | Q151: =G151*M151 -> 0.095629842 | R151: =R150+E151 -> 4.1955082 | S151: =S150+G151 -> 0.068005534 | T151: =T150+N151 -> 1401.9773 | U151: =U150+O151 -> 2.0635853 | V151: =V150+P151 -> 9.1901157 | W151: =W150+Q151 -> 0.37200591
A152: ='01 Traffic inputs'!B102 -> 0.0010025083 | B152: ='01 Traffic inputs'!C102 -> 0.00025851652 | C152: =IF('01 Traffic inputs'!$B$16<=2/3,(4*A152*(1-A152))^$B$16,1-ABS(2*A152-1)^$B$17) -> 7.2091825e-09 | D152: =IF('01 Traffic inputs'!$B$16<=2/3,4*$B$16*(1-2*A152)*(4*A152*(1-A152))^($B$16-1),-2*$B$17*SIGN(2*A152-1)*ABS(2*A152-1)^($B$17-1)) -> 2.4399393e-05 | E152: =$B$7*B152*(1+$B$11/$B$9*D152) -> 1.2381006 | F152: =$B$10+$B$11*C152 -> 0.016209129 | G152: =E152*F152 -> 0.020068534 | H152: ='01 Traffic inputs'!$B$8/F152 -> 64.161373 | I152: =MATCH(H152,'02 Emission rates'!$A$7:$A$15,1) -> 6 | J152: =INDEX('02 Emission rates'!$D$7:$D$15,I152) -> 20615.635 | K152: =INDEX('02 Emission rates'!$E$7:$E$15,I152) -> 30.344373 | L152: =INDEX('02 Emission rates'!$F$7:$F$15,I152) -> 135.13776 | M152: =INDEX('02 Emission rates'!$G$7:$G$15,I152) -> 5.47023 | N152: =G152*J152 -> 413.72557 | O152: =G152*K152 -> 0.60896707 | P152: =G152*L152 -> 2.7120167 | Q152: =G152*M152 -> 0.1097795 | R152: =R151+E152 -> 5.4336088 | S152: =S151+G152 -> 0.088074067 | T152: =T151+N152 -> 1815.7028 | U152: =U151+O152 -> 2.6725524 | V152: =V151+P152 -> 11.902132 | W152: =W151+Q152 -> 0.48178541
A153: ='01 Traffic inputs'!B103 -> 0.001277678 | B153: ='01 Traffic inputs'!C103 -> 0.00029181985 | C153: =IF('01 Traffic inputs'!$B$16<=2/3,(4*A153*(1-A153))^$B$16,1-ABS(2*A153-1)^$B$17) -> 1.6414691e-08 | D153: =IF('01 Traffic inputs'!$B$16<=2/3,4*$B$16*(1-2*A153)*(4*A153*(1-A153))^($B$16-1),-2*$B$17*SIGN(2*A153-1)*ABS(2*A153-1)^($B$17-1)) -> 4.3578508e-05 | E153: =$B$7*B153*(1+$B$11/$B$9*D153) -> 1.397599 | F153: =$B$10+$B$11*C153 -> 0.01620913 | G153: =E153*F153 -> 0.022653864 | H153: ='01 Traffic inputs'!$B$8/F153 -> 64.161371 | I153: =MATCH(H153,'02 Emission rates'!$A$7:$A$15,1) -> 6 | J153: =INDEX('02 Emission rates'!$D$7:$D$15,I153) -> 20615.635 | K153: =INDEX('02 Emission rates'!$E$7:$E$15,I153) -> 30.344373 | L153: =INDEX('02 Emission rates'!$F$7:$F$15,I153) -> 135.13776 | M153: =INDEX('02 Emission rates'!$G$7:$G$15,I153) -> 5.47023 | N153: =G153*J153 -> 467.02379 | O153: =G153*K153 -> 0.6874173 | P153: =G153*L153 -> 3.0613925 | Q153: =G153*M153 -> 0.12392185 | R153: =R152+E153 -> 6.8312078 | S153: =S152+G153 -> 0.11072793 | T153: =T152+N153 -> 2282.7266 | U153: =U152+O153 -> 3.3599697 | V153: =V152+P153 -> 14.963525 | W153: =W152+Q153 -> 0.60570725
A154: ='01 Traffic inputs'!B104 -> 0.0015861415 | B154: ='01 Traffic inputs'!C104 -> 0.00032510371 | C154: =IF('01 Traffic inputs'!$B$16<=2/3,(4*A154*(1-A154))^$B$16,1-ABS(2*A154-1)^$B$17) -> 3.4179629e-08 | D154: =IF('01 Traffic inputs'!$B$16<=2/3,4*$B$16*(1-2*A154)*(4*A154*(1-A154))^($B$16-1),-2*$B$17*SIGN(2*A154-1)*ABS(2*A154-1)^($B$17-1)) -> 7.3072161e-05 | E154: =$B$7*B154*(1+$B$11/$B$9*D154) -> 1.5570044 | F154: =$B$10+$B$11*C154 -> 0.016209131 | G154: =E154*F154 -> 0.025237688 | H154: ='01 Traffic inputs'!$B$8/F154 -> 64.161367 | I154: =MATCH(H154,'02 Emission rates'!$A$7:$A$15,1) -> 6 | J154: =INDEX('02 Emission rates'!$D$7:$D$15,I154) -> 20615.635 | K154: =INDEX('02 Emission rates'!$E$7:$E$15,I154) -> 30.344373 | L154: =INDEX('02 Emission rates'!$F$7:$F$15,I154) -> 135.13776 | M154: =INDEX('02 Emission rates'!$G$7:$G$15,I154) -> 5.47023 | N154: =G154*J154 -> 520.29098 | O154: =G154*K154 -> 0.76582184 | P154: =G154*L154 -> 3.4105648 | Q154: =G154*M154 -> 0.13805596 | R154: =R153+E154 -> 8.3882123 | S154: =S153+G154 -> 0.13596562 | T154: =T153+N154 -> 2803.0176 | U154: =U153+O154 -> 4.1257915 | V154: =V153+P154 -> 18.37409 | W154: =W153+Q154 -> 0.74376322
A155: ='01 Traffic inputs'!B105 -> 0.0019278782 | B155: ='01 Traffic inputs'!C105 -> 0.00035836588 | C155: =IF('01 Traffic inputs'!$B$16<=2/3,(4*A155*(1-A155))^$B$16,1-ABS(2*A155-1)^$B$17) -> 6.6231439e-08 | D155: =IF('01 Traffic inputs'!$B$16<=2/3,4*$B$16*(1-2*A155)*(4*A155*(1-A155))^($B$16-1),-2*$B$17*SIGN(2*A155-1)*ABS(2*A155-1)^($B$17-1)) -> 0.00011645602 | E155: =$B$7*B155*(1+$B$11/$B$9*D155) -> 1.7163063 | F155: =$B$10+$B$11*C155 -> 0.016209133 | G155: =E155*F155 -> 0.027819837 | H155: ='01 Traffic inputs'!$B$8/F155 -> 64.16136 | I155: =MATCH(H155,'02 Emission rates'!$A$7:$A$15,1) -> 6 | J155: =INDEX('02 Emission rates'!$D$7:$D$15,I155) -> 20615.635 | K155: =INDEX('02 Emission rates'!$E$7:$E$15,I155) -> 30.344373 | L155: =INDEX('02 Emission rates'!$F$7:$F$15,I155) -> 135.13776 | M155: =INDEX('02 Emission rates'!$G$7:$G$15,I155) -> 5.47023 | N155: =G155*J155 -> 573.52362 | O155: =G155*K155 -> 0.84417553 | P155: =G155*L155 -> 3.7595106 | Q155: =G155*M155 -> 0.15218091 | R155: =R154+E155 -> 10.104519 | S155: =S154+G155 -> 0.16378546 | T155: =T154+N155 -> 3376.5412 | U155: =U154+O155 -> 4.969967 | V155: =V154+P155 -> 22.1336 | W155: =W154+Q155 -> 0.89594413
A156: ='01 Traffic inputs'!B106 -> 0.0023028653 | B156: ='01 Traffic inputs'!C106 -> 0.00039160412 | C156: =IF('01 Traffic inputs'!$B$16<=2/3,(4*A156*(1-A156))^$B$16,1-ABS(2*A156-1)^$B$17) -> 1.2096879e-07 | D156: =IF('01 Traffic inputs'!$B$16<=2/3,4*$B$16*(1-2*A156)*(4*A156*(1-A156))^($B$16-1),-2*$B$17*SIGN(2*A156-1)*ABS(2*A156-1)^($B$17-1)) -> 0.00017799928 | E156: =$B$7*B156*(1+$B$11/$B$9*D156) -> 1.8754943 | F156: =$B$10+$B$11*C156 -> 0.016209136 | G156: =E156*F156 -> 0.030400142 | H156: ='01 Traffic inputs'!$B$8/F156 -> 64.161347 | I156: =MATCH(H156,'02 Emission rates'!$A$7:$A$15,1) -> 6 | J156: =INDEX('02 Emission rates'!$D$7:$D$15,I156) -> 20615.635 | K156: =INDEX('02 Emission rates'!$E$7:$E$15,I156) -> 30.344373 | L156: =INDEX('02 Emission rates'!$F$7:$F$15,I156) -> 135.13776 | M156: =INDEX('02 Emission rates'!$G$7:$G$15,I156) -> 5.47023 | N156: =G156*J156 -> 626.71825 | O156: =G156*K156 -> 0.92247327 | P156: =G156*L156 -> 4.1082073 | Q156: =G156*M156 -> 0.16629577 | R156: =R155+E156 -> 11.980013 | S156: =S155+G156 -> 0.1941856 | T156: =T155+N156 -> 4003.2595 | U156: =U155+O156 -> 5.8924403 | V156: =V155+P156 -> 26.241808 | W156: =W155+Q156 -> 1.0622399
... A527: ='01 Traffic inputs'!B477 -> 0.99994847 | B527: ='01 Traffic inputs'!C477 -> 5.8419533e-05 | C527: =IF('01 Traffic inputs'!$B$16<=2/3,(4*A527*(1-A527))^$B$16,1-ABS(2*A527-1)^$B$17) -> 3.0279681e-13 | D527: =IF('01 Traffic inputs'!$B$16<=2/3,4*$B$16*(1-2*A527)*(4*A527*(1-A527))^($B$16-1),-2*$B$17*SIGN(2*A527-1)*ABS(2*A527-1)^($B$17-1)) -> -1.9957948e-08 | E527: =$B$7*B527*(1+$B$11/$B$9*D527) -> 0.27978575 | F527: =$B$10+$B$11*C527 -> 0.016209129 | G527: =E527*F527 -> 0.0045350833 | H527: ='01 Traffic inputs'!$B$8/F527 -> 64.161375 | I527: =MATCH(H527,'02 Emission rates'!$A$7:$A$15,1) -> 6 | J527: =INDEX('02 Emission rates'!$D$7:$D$15,I527) -> 20615.635 | K527: =INDEX('02 Emission rates'!$E$7:$E$15,I527) -> 30.344373 | L527: =INDEX('02 Emission rates'!$F$7:$F$15,I527) -> 135.13776 | M527: =INDEX('02 Emission rates'!$G$7:$G$15,I527) -> 5.47023 | N527: =G527*J527 -> 93.493623 | O527: =G527*K527 -> 0.13761426 | P527: =G527*L527 -> 0.61286101 | Q527: =G527*M527 -> 0.024807949 | R527: =R526+E527 -> 4789.1298 | S527: =S526+G527 -> 197.03803 | T527: =T526+N527 -> 1657599.8 | U527: =U526+O527 -> 1360.8432 | V527: =V526+P527 -> 14044.761 | W527: =W526+Q527 -> 609.20486
A528: ='01 Traffic inputs'!B478 -> 0.99999022 | B528: ='01 Traffic inputs'!C478 -> 2.5097052e-05 | C528: =IF('01 Traffic inputs'!$B$16<=2/3,(4*A528*(1-A528))^$B$16,1-ABS(2*A528-1)^$B$17) -> 1.0714763e-15 | D528: =IF('01 Traffic inputs'!$B$16<=2/3,4*$B$16*(1-2*A528)*(4*A528*(1-A528))^($B$16-1),-2*$B$17*SIGN(2*A528-1)*ABS(2*A528-1)^($B$17-1)) -> -3.721196e-10 | E528: =$B$7*B528*(1+$B$11/$B$9*D528) -> 0.12019606 | F528: =$B$10+$B$11*C528 -> 0.016209129 | G528: =E528*F528 -> 0.0019482734 | H528: ='01 Traffic inputs'!$B$8/F528 -> 64.161375 | I528: =MATCH(H528,'02 Emission rates'!$A$7:$A$15,1) -> 6 | J528: =INDEX('02 Emission rates'!$D$7:$D$15,I528) -> 20615.635 | K528: =INDEX('02 Emission rates'!$E$7:$E$15,I528) -> 30.344373 | L528: =INDEX('02 Emission rates'!$F$7:$F$15,I528) -> 135.13776 | M528: =INDEX('02 Emission rates'!$G$7:$G$15,I528) -> 5.47023 | N528: =G528*J528 -> 40.164893 | O528: =G528*K528 -> 0.059119134 | P528: =G528*L528 -> 0.2632853 | Q528: =G528*M528 -> 0.010657503 | R528: =$B$7 -> 4789.25 | S528: =S527+G528 -> 197.03998 | T528: =T527+N528 -> 1657640 | U528: =U527+O528 -> 1360.9023 | V528: =V527+P528 -> 14045.025 | W528: =W527+Q528 -> 609.21551

Sheet 06 Two-speed M
A1: M | two speeds with lookup emission rates
A2: Free and queue times are per-vehicle bin averages. Free + queue emissions = assigned bin emissions. R/M/A share total travel time. All rates are g/(veh·h); all emission totals below are grams.
A6: Pollutant | B6: Free-flow rate | C6: Queue rate
A8: CO₂ | B8: =IF('01 Traffic inputs'!$B$10>0,INDEX('02 Emission rates'!$D$7:$D$15,MATCH('01 Traffic inputs'!$B$10,'02 Emission rates'!$A$7:$A$15,1)),NA()) -> 20615.635 | C8: =IF('05 Reconstructed R'!$B$15>0,INDEX('02 Emission rates'!$D$7:$D$15,MATCH('05 Reconstructed R'!$B$15,'02 Emission rates'!$A$7:$A$15,1)),NA()) -> 6931.8463
A9: NOₓ | B9: =IF('01 Traffic inputs'!$B$10>0,INDEX('02 Emission rates'!$E$7:$E$15,MATCH('01 Traffic inputs'!$B$10,'02 Emission rates'!$A$7:$A$15,1)),NA()) -> 30.344373 | C9: =IF('05 Reconstructed R'!$B$15>0,INDEX('02 Emission rates'!$E$7:$E$15,MATCH('05 Reconstructed R'!$B$15,'02 Emission rates'!$A$7:$A$15,1)),NA()) -> 4.0758788
A10: CO | B10: =IF('01 Traffic inputs'!$B$10>0,INDEX('02 Emission rates'!$F$7:$F$15,MATCH('01 Traffic inputs'!$B$10,'02 Emission rates'!$A$7:$A$15,1)),NA()) -> 135.13776 | C10: =IF('05 Reconstructed R'!$B$15>0,INDEX('02 Emission rates'!$F$7:$F$15,MATCH('05 Reconstructed R'!$B$15,'02 Emission rates'!$A$7:$A$15,1)),NA()) -> 62.680628
A11: HC | B11: =IF('01 Traffic inputs'!$B$10>0,INDEX('02 Emission rates'!$G$7:$G$15,MATCH('01 Traffic inputs'!$B$10,'02 Emission rates'!$A$7:$A$15,1)),NA()) -> 5.47023 | C11: =IF('05 Reconstructed R'!$B$15>0,INDEX('02 Emission rates'!$G$7:$G$15,MATCH('05 Reconstructed R'!$B$15,'02 Emission rates'!$A$7:$A$15,1)),NA()) -> 2.7514068
A13: Time allocation: Tq = vf × delay / (vf − vq); Tfree = L/vf − vq × delay / (vf − vq). At each bin, delay = reconstructed mean trip time − L/vf.
A18: Emissions: Ef = count × Tfree × r(vf); Eq = count × Tq × r(vq). Effective rate = (Ef + Eq) / vehicle-hours. Times are shown in minutes and converted to hours in the formulas.
A23: Clock time | B23: Count / 5 min | C23: Free time (min) | D23: Queue time (min) | E23: Effective speed (mph) | F23: Vehicle-hours | G23: CO₂ free (g) | H23: CO₂ queue (g) | I23: CO₂ eff. rate | J23: CO₂ / 5 min (g) | K23: NOₓ free (g) | L23: NOₓ queue (g) | M23: NOₓ eff. rate | N23: NOₓ / 5 min (g) | O23: CO free (g) | P23: CO queue (g) | Q23: CO eff. rate | R23: CO / 5 min (g) | S23: HC free (g) | T23: HC queue (g) | U23: HC eff. rate | V23: HC / 5 min (g)
A24: ='03 Recorded O'!A11 -> 0.61458333 | B24: ='03 Recorded O'!B11 -> 125.54167 | C24: =('05 Reconstructed R'!$B$10-'05 Reconstructed R'!$B$15*('05 Reconstructed R'!E24/B24-'05 Reconstructed R'!$B$10)/('01 Traffic inputs'!$B$10-'05 Reconstructed R'!$B$15))*60 -> 0.97245517 | D24: ='01 Traffic inputs'!$B$10*('05 Reconstructed R'!E24/B24-'05 Reconstructed R'!$B$10)/('01 Traffic inputs'!$B$10-'05 Reconstructed R'!$B$15)*60 -> 0.00043633018 | E24: ='05 Reconstructed R'!D24 -> 64.138704 | F24: =B24*(C24+D24)/60 -> 2.0356403 | G24: =B24*C24/60*$B$8 -> 41947.198 | H24: =B24*D24/60*$C$8 -> 6.3285005 | I24: =J24/F24 -> 20609.498 | J24: =G24+H24 -> 41953.526 | K24: =B24*C24/60*$B$9 -> 61.742527 | L24: =B24*D24/60*$C$9 -> 0.0037211156 | M24: =N24/F24 -> 30.332592 | N24: =K24+L24 -> 61.746248 | O24: =B24*C24/60*$B$10 -> 274.96851 | P24: =B24*D24/60*$C$10 -> 0.057224925 | Q24: =R24/F24 -> 135.10527 | R24: =O24+P24 -> 275.02573 | S24: =B24*C24/60*$B$11 -> 11.130427 | T24: =B24*D24/60*$C$11 -> 0.0025119252 | U24: =V24/F24 -> 5.4690107 | V24: =S24+T24 -> 11.132939
A25: ='03 Recorded O'!A12 -> 0.61805556 | B25: ='03 Recorded O'!B12 -> 120.22917 | C25: =('05 Reconstructed R'!$B$10-'05 Reconstructed R'!$B$15*('05 Reconstructed R'!E25/B25-'05 Reconstructed R'!$B$10)/('01 Traffic inputs'!$B$10-'05 Reconstructed R'!$B$15))*60 -> 0.97092515 | D25: ='01 Traffic inputs'!$B$10*('05 Reconstructed R'!E25/B25-'05 Reconstructed R'!$B$10)/('01 Traffic inputs'!$B$10-'05 Reconstructed R'!$B$15)*60 -> 0.0076485746 | E25: ='05 Reconstructed R'!D25 -> 63.766274 | F25: =B25*(C25+D25)/60 -> 1.9608851 | G25: =B25*C25/60*$B$8 -> 40108.928 | H25: =B25*D25/60*$C$8 -> 106.23999 | I25: =J25/F25 -> 20508.682 | J25: =G25+H25 -> 40215.168 | K25: =B25*C25/60*$B$9 -> 59.036759 | L25: =B25*D25/60*$C$9 -> 0.062468396 | M25: =N25/F25 -> 30.139057 | N25: =K25+L25 -> 59.099228 | O25: =B25*C25/60*$B$10 -> 262.91845 | P25: =B25*D25/60*$C$10 -> 0.96066603 | Q25: =R25/F25 -> 134.57144 | R25: =O25+P25 -> 263.87912 | S25: =B25*C25/60*$B$11 -> 10.642654 | T25: =B25*D25/60*$C$11 -> 0.042169058 | U25: =V25/F25 -> 5.4489796 | V25: =S25+T25 -> 10.684823
A26: ='03 Recorded O'!A13 -> 0.62152778 | B26: ='03 Recorded O'!B13 -> 116.20833 | C26: =('05 Reconstructed R'!$B$10-'05 Reconstructed R'!$B$15*('05 Reconstructed R'!E26/B26-'05 Reconstructed R'!$B$10)/('01 Traffic inputs'!$B$10-'05 Reconstructed R'!$B$15))*60 -> 0.96526412 | D26: ='01 Traffic inputs'!$B$10*('05 Reconstructed R'!E26/B26-'05 Reconstructed R'!$B$10)/('01 Traffic inputs'!$B$10-'05 Reconstructed R'!$B$15)*60 -> 0.034333666 | E26: ='05 Reconstructed R'!D26 -> 62.425108 | F26: =B26*(C26+D26)/60 -> 1.9360265 | G26: =B26*C26/60*$B$8 -> 38541.526 | H26: =B26*D26/60*$C$8 -> 460.95139 | I26: =J26/F26 -> 20145.632 | J26: =G26+H26 -> 39002.477 | K26: =B26*C26/60*$B$9 -> 56.729683 | L26: =B26*D26/60*$C$9 -> 0.27103631 | M26: =N26/F26 -> 29.442117 | N26: =K26+L26 -> 57.000719 | O26: =B26*C26/60*$B$10 -> 252.64395 | P26: =B26*D26/60*$C$10 -> 4.1681136 | Q26: =R26/F26 -> 132.64904 | R26: =O26+P26 -> 256.81207 | S26: =B26*C26/60*$B$11 -> 10.226753 | T26: =B26*D26/60*$C$11 -> 0.18296205 | U26: =V26/F26 -> 5.3768453 | V26: =S26+T26 -> 10.409715
A27: ='03 Recorded O'!A14 -> 0.625 | B27: ='03 Recorded O'!B14 -> 109.89583 | C27: =('05 Reconstructed R'!$B$10-'05 Reconstructed R'!$B$15*('05 Reconstructed R'!E27/B27-'05 Reconstructed R'!$B$10)/('01 Traffic inputs'!$B$10-'05 Reconstructed R'!$B$15))*60 -> 0.95349595 | D27: ='01 Traffic inputs'!$B$10*('05 Reconstructed R'!E27/B27-'05 Reconstructed R'!$B$10)/('01 Traffic inputs'!$B$10-'05 Reconstructed R'!$B$15)*60 -> 0.089806677 | E27: ='05 Reconstructed R'!D27 -> 59.810067 | F27: =B27*(C27+D27)/60 -> 1.9109102 | G27: =B27*C27/60*$B$8 -> 36003.569 | H27: =B27*D27/60*$C$8 -> 1140.217 | I27: =J27/F27 -> 19437.745 | J27: =G27+H27 -> 37143.786 | K27: =B27*C27/60*$B$9 -> 52.994037 | L27: =B27*D27/60*$C$9 -> 0.67043993 | M27: =N27/F27 -> 28.083202 | N27: =K27+L27 -> 53.664476 | O27: =B27*C27/60*$B$10 -> 236.00737 | P27: =B27*D27/60*$C$10 -> 10.310315 | Q27: =R27/F27 -> 128.90071 | R27: =O27+P27 -> 246.31768 | S27: =B27*C27/60*$B$11 -> 9.5533221 | T27: =B27*D27/60*$C$11 -> 0.45257797 | U27: =V27/F27 -> 5.2361959 | V27: =S27+T27 -> 10.0059
A28: ='03 Recorded O'!A15 -> 0.62847222 | B28: ='03 Recorded O'!B15 -> 106.89583 | C28: =('05 Reconstructed R'!$B$10-'05 Reconstructed R'!$B$15*('05 Reconstructed R'!E28/B28-'05 Reconstructed R'!$B$10)/('01 Traffic inputs'!$B$10-'05 Reconstructed R'!$B$15))*60 -> 0.93468431 | D28: ='01 Traffic inputs'!$B$10*('05 Reconstructed R'!E28/B28-'05 Reconstructed R'!$B$10)/('01 Traffic inputs'!$B$10-'05 Reconstructed R'!$B$15)*60 -> 0.17848137 | E28: ='05 Reconstructed R'!D28 -> 56.056346 | F28: =B28*(C28+D28)/60 -> 1.9832129 | G28: =B28*C28/60*$B$8 -> 34329.794 | H28: =B28*D28/60*$C$8 -> 2204.2017 | I28: =J28/F28 -> 18421.621 | J28: =G28+H28 -> 36533.996 | K28: =B28*C28/60*$B$9 -> 50.53039 | L28: =B28*D28/60*$C$9 -> 1.2960557 | M28: =N28/F28 -> 26.132568 | N28: =K28+L28 -> 51.826446 | O28: =B28*C28/60*$B$10 -> 225.03559 | P28: =B28*D28/60*$C$10 -> 19.931305 | Q28: =R28/F28 -> 123.52022 | R28: =O28+P28 -> 244.96689 | S28: =B28*C28/60*$B$11 -> 9.1091965 | T28: =B28*D28/60*$C$11 -> 0.87489758 | U28: =V28/F28 -> 5.0343028 | V28: =S28+T28 -> 9.9840941
A29: ='03 Recorded O'!A16 -> 0.63194444 | B29: ='03 Recorded O'!B16 -> 104.52083 | C29: =('05 Reconstructed R'!$B$10-'05 Reconstructed R'!$B$15*('05 Reconstructed R'!E29/B29-'05 Reconstructed R'!$B$10)/('01 Traffic inputs'!$B$10-'05 Reconstructed R'!$B$15))*60 -> 0.90836871 | D29: ='01 Traffic inputs'!$B$10*('05 Reconstructed R'!E29/B29-'05 Reconstructed R'!$B$10)/('01 Traffic inputs'!$B$10-'05 Reconstructed R'!$B$15)*60 -> 0.30252837 | E29: ='05 Reconstructed R'!D29 -> 51.532043 | F29: =B29*(C29+D29)/60 -> 2.1093995 | G29: =B29*C29/60*$B$8 -> 32621.994 | H29: =B29*D29/60*$C$8 -> 3653.1427 | I29: =J29/F29 -> 17196.902 | J29: =G29+H29 -> 36275.136 | K29: =B29*C29/60*$B$9 -> 48.01666 | L29: =B29*D29/60*$C$9 -> 2.1480233 | M29: =N29/F29 -> 23.781499 | N29: =K29+L29 -> 50.164683 | O29: =B29*C29/60*$B$10 -> 213.84077 | P29: =B29*D29/60*$C$10 -> 33.033231 | Q29: =R29/F29 -> 117.0352 | R29: =O29+P29 -> 246.874 | S29: =B29*C29/60*$B$11 -> 8.6560423 | T29: =B29*D29/60*$C$11 -> 1.4500151 | U29: =V29/F29 -> 4.7909641 | V29: =S29+T29 -> 10.106057
A30: ='03 Recorded O'!A17 -> 0.63541667 | B30: ='03 Recorded O'!B17 -> 102.27083 | C30: =('05 Reconstructed R'!$B$10-'05 Reconstructed R'!$B$15*('05 Reconstructed R'!E30/B30-'05 Reconstructed R'!$B$10)/('01 Traffic inputs'!$B$10-'05 Reconstructed R'!$B$15))*60 -> 0.87456974 | D30: ='01 Traffic inputs'!$B$10*('05 Reconstructed R'!E30/B30-'05 Reconstructed R'!$B$10)/('01 Traffic inputs'!$B$10-'05 Reconstructed R'!$B$15)*60 -> 0.46185062 | E30: ='05 Reconstructed R'!D30 -> 46.691896 | F30: =B30*(C30+D30)/60 -> 2.2779471 | G30: =B30*C30/60*$B$8 -> 30732.063 | H30: =B30*D30/60*$C$8 -> 5456.9629 | I30: =J30/F30 -> 15886.684 | J30: =G30+H30 -> 36189.025 | K30: =B30*C30/60*$B$9 -> 45.234851 | L30: =B30*D30/60*$C$9 -> 3.2086573 | M30: =N30/F30 -> 21.266301 | N30: =K30+L30 -> 48.443508 | O30: =B30*C30/60*$B$10 -> 201.45206 | P30: =B30*D30/60*$C$10 -> 49.344121 | Q30: =R30/F30 -> 110.09746 | R30: =O30+P30 -> 250.79618 | S30: =B30*C30/60*$B$11 -> 8.1545609 | T30: =B30*D30/60*$C$11 -> 2.1659922 | U30: =V30/F30 -> 4.5306378 | V30: =S30+T30 -> 10.320553
A31: ='03 Recorded O'!A18 -> 0.63888889 | B31: ='03 Recorded O'!B18 -> 102.875 | C31: =('05 Reconstructed R'!$B$10-'05 Reconstructed R'!$B$15*('05 Reconstructed R'!E31/B31-'05 Reconstructed R'!$B$10)/('01 Traffic inputs'!$B$10-'05 Reconstructed R'!$B$15))*60 -> 0.83351433 | D31: ='01 Traffic inputs'!$B$10*('05 Reconstructed R'!E31/B31-'05 Reconstructed R'!$B$10)/('01 Traffic inputs'!$B$10-'05 Reconstructed R'!$B$15)*60 -> 0.6553784 | E31: ='05 Reconstructed R'!D31 -> 41.91034 | F31: =B31*(C31+D31)/60 -> 2.5528307 | G31: =B31*C31/60*$B$8 -> 29462.418 | H31: =B31*D31/60*$C$8 -> 7789.3218 | I31: =J31/F31 -> 14592.327 | J31: =G31+H31 -> 37251.74 | K31: =B31*C31/60*$B$9 -> 43.366047 | L31: =B31*D31/60*$C$9 -> 4.5800686 | M31: =N31/F31 -> 18.78155 | N31: =K31+L31 -> 47.946116 | O31: =B31*C31/60*$B$10 -> 193.1294 | P31: =B31*D31/60*$C$10 -> 70.434277 | Q31: =R31/F31 -> 103.2437 | R31: =O31+P31 -> 263.56368 | S31: =B31*C31/60*$B$11 -> 7.8176686 | T31: =B31*D31/60*$C$11 -> 3.0917582 | U31: =V31/F31 -> 4.2734628 | V31: =S31+T31 -> 10.909427
A32: ='03 Recorded O'!A19 -> 0.64236111 | B32: ='03 Recorded O'!B19 -> 99.375 | C32: =('05 Reconstructed R'!$B$10-'05 Reconstructed R'!$B$15*('05 Reconstructed R'!E32/B32-'05 Reconstructed R'!$B$10)/('01 Traffic inputs'!$B$10-'05 Reconstructed R'!$B$15))*60 -> 0.78578289 | D32: ='01 Traffic inputs'!$B$10*('05 Reconstructed R'!E32/B32-'05 Reconstructed R'!$B$10)/('01 Traffic inputs'!$B$10-'05 Reconstructed R'!$B$15)*60 -> 0.8803758 | E32: ='05 Reconstructed R'!D32 -> 37.451415 | F32: =B32*(C32+D32)/60 -> 2.7595753 | G32: =B32*C32/60*$B$8 -> 26830.278 | H32: =B32*D32/60*$C$8 -> 10107.481 | I32: =J32/F32 -> 13385.306 | J32: =G32+H32 -> 36937.759 | K32: =B32*C32/60*$B$9 -> 39.491773 | L32: =B32*D32/60*$C$9 -> 5.9431303 | M32: =N32/F32 -> 16.464455 | N32: =K32+L32 -> 45.434903 | O32: =B32*C32/60*$B$10 -> 175.87543 | P32: =B32*D32/60*$C$10 -> 91.396029 | Q32: =R32/F32 -> 96.852389 | R32: =O32+P32 -> 267.27146 | S32: =B32*C32/60*$B$11 -> 7.1192468 | T32: =B32*D32/60*$C$11 -> 4.011888 | U32: =V32/F32 -> 4.0336405 | V32: =S32+T32 -> 11.131135
A33: ='03 Recorded O'!A20 -> 0.64583333 | B33: ='03 Recorded O'!B20 -> 99.3125 | C33: =('05 Reconstructed R'!$B$10-'05 Reconstructed R'!$B$15*('05 Reconstructed R'!E33/B33-'05 Reconstructed R'!$B$10)/('01 Traffic inputs'!$B$10-'05 Reconstructed R'!$B$15))*60 -> 0.7331621 | D33: ='01 Traffic inputs'!$B$10*('05 Reconstructed R'!E33/B33-'05 Reconstructed R'!$B$10)/('01 Traffic inputs'!$B$10-'05 Reconstructed R'!$B$15)*60 -> 1.1284207 | E33: ='05 Reconstructed R'!D33 -> 33.519863 | F33: =B33*(C33+D33)/60 -> 3.0813073 | G33: =B33*C33/60*$B$8 -> 25017.816 | H33: =B33*D33/60*$C$8 -> 12947.104 | I33: =J33/F33 -> 12321.043 | J33: =G33+H33 -> 37964.92 | K33: =B33*C33/60*$B$9 -> 36.82399 | L33: =B33*D33/60*$C$9 -> 7.6128096 | M33: =N33/F33 -> 14.421411 | N33: =K33+L33 -> 44.436799 | O33: =B33*C33/60*$B$10 -> 163.99454 | P33: =B33*D33/60*$C$10 -> 117.07308 | Q33: =R33/F33 -> 91.217004 | R33: =O33+P33 -> 281.06762 | S33: =B33*C33/60*$B$11 -> 6.6383212 | T33: =B33*D33/60*$C$11 -> 5.1389987 | U33: =V33/F33 -> 3.8221828 | V33: =S33+T33 -> 11.77732
A34: ='03 Recorded O'!A21 -> 0.64930556 | B34: ='03 Recorded O'!B21 -> 94.520833 | C34: =('05 Reconstructed R'!$B$10-'05 Reconstructed R'!$B$15*('05 Reconstructed R'!E34/B34-'05 Reconstructed R'!$B$10)/('01 Traffic inputs'!$B$10-'05 Reconstructed R'!$B$15))*60 -> 0.67687166 | D34: ='01 Traffic inputs'!$B$10*('05 Reconstructed R'!E34/B34-'05 Reconstructed R'!$B$10)/('01 Traffic inputs'!$B$10-'05 Reconstructed R'!$B$15)*60 -> 1.3937637 | E34: ='05 Reconstructed R'!D34 -> 30.135678 | F34: =B34*(C34+D34)/60 -> 3.2619696 | G34: =B34*C34/60*$B$8 -> 21982.614 | H34: =B34*D34/60*$C$8 -> 15219.99 | I34: =J34/F34 -> 11404.951 | J34: =G34+H34 -> 37202.604 | K34: =B34*C34/60*$B$9 -> 32.356444 | L34: =B34*D34/60*$C$9 -> 8.9492511 | M34: =N34/F34 -> 12.662808 | N34: =K34+L34 -> 41.305696 | O34: =B34*C34/60*$B$10 -> 144.09846 | P34: =B34*D34/60*$C$10 -> 137.62546 | Q34: =R34/F34 -> 86.3662 | R34: =O34+P34 -> 281.72392 | S34: =B34*C34/60*$B$11 -> 5.8329494 | T34: =B34*D34/60*$C$11 -> 6.0411586 | U34: =V34/F34 -> 3.6401651 | V34: =S34+T34 -> 11.874108
A35: ='03 Recorded O'!A22 -> 0.65277778 | B35: ='03 Recorded O'!B22 -> 91.5625 | C35: =('05 Reconstructed R'!$B$10-'05 Reconstructed R'!$B$15*('05 Reconstructed R'!E35/B35-'05 Reconstructed R'!$B$10)/('01 Traffic inputs'!$B$10-'05 Reconstructed R'!$B$15))*60 -> 0.61949679 | D35: ='01 Traffic inputs'!$B$10*('05 Reconstructed R'!E35/B35-'05 Reconstructed R'!$B$10)/('01 Traffic inputs'!$B$10-'05 Reconstructed R'!$B$15)*60 -> 1.6642184 | E35: ='05 Reconstructed R'!D35 -> 27.323897 | F35: =B35*(C35+D35)/60 -> 3.4850446 | G35: =B35*C35/60*$B$8 -> 19489.566 | H35: =B35*D35/60*$C$8 -> 17604.579 | I35: =J35/F35 -> 10643.808 | J35: =G35+H35 -> 37094.145 | K35: =B35*C35/60*$B$9 -> 28.6869 | L35: =B35*D35/60*$C$9 -> 10.351374 | M35: =N35/F35 -> 11.201657 | N35: =K35+L35 -> 39.038274 | O35: =B35*C35/60*$B$10 -> 127.75626 | P35: =B35*D35/60*$C$10 -> 159.1879 | Q35: =R35/F35 -> 82.335865 | R35: =O35+P35 -> 286.94416 | S35: =B35*C35/60*$B$11 -> 5.1714347 | T35: =B35*D35/60*$C$11 -> 6.9876561 | U35: =V35/F35 -> 3.4889341 | V35: =S35+T35 -> 12.159091
... A80: ='03 Recorded O'!A67 -> 0.80902778 | B80: ='03 Recorded O'!B67 -> 87.625 | C80: =('05 Reconstructed R'!$B$10-'05 Reconstructed R'!$B$15*('05 Reconstructed R'!E80/B80-'05 Reconstructed R'!$B$10)/('01 Traffic inputs'!$B$10-'05 Reconstructed R'!$B$15))*60 -> 0.97251993 | D80: ='01 Traffic inputs'!$B$10*('05 Reconstructed R'!E80/B80-'05 Reconstructed R'!$B$10)/('01 Traffic inputs'!$B$10-'05 Reconstructed R'!$B$15)*60 -> 0.00013109238 | E80: ='05 Reconstructed R'!D80 -> 64.154562 | F80: =B80*(C80+D80)/60 -> 1.4204758 | G80: =B80*C80/60*$B$8 -> 29280.063 | H80: =B80*D80/60*$C$8 -> 1.3270985 | I80: =J80/F80 -> 20613.791 | J80: =G80+H80 -> 29281.39 | K80: =B80*C80/60*$B$9 -> 43.097637 | L80: =B80*D80/60*$C$9 -> 0.00078032498 | M80: =N80/F80 -> 30.340833 | N80: =K80+L80 -> 43.098417 | O80: =B80*C80/60*$B$10 -> 191.93404 | P80: =B80*D80/60*$C$10 -> 0.012000175 | Q80: =R80/F80 -> 135.128 | R80: =O80+P80 -> 191.94605 | S80: =B80*C80/60*$B$11 -> 7.7692819 | T80: =B80*D80/60*$C$11 -> 0.00052675546 | U80: =V80/F80 -> 5.4698636 | V80: =S80+T80 -> 7.7698087
A82: Total / mean | B82: =SUM(B24:B80) -> 4789.25 | C82: =SUMPRODUCT(B24:B80,C24:C80)/B82 -> 0.56973321 | D82: =SUMPRODUCT(B24:B80,D24:D80)/B82 -> 1.898795 | E82: =B82*'01 Traffic inputs'!$B$8/F82 -> 25.278221 | F82: =SUM(F24:F80) -> 197.03998 | G82: =SUM(G24:G80) -> 937528.58 | H82: =SUM(H24:H80) -> 1050614.2 | I82: =J82/F82 -> 10090.048 | J82: =SUM(J24:J80) -> 1988142.7 | K82: =SUM(K24:K80) -> 1379.9583 | L82: =SUM(L24:L80) -> 617.75404 | M82: =N82/F82 -> 10.138614 | N82: =SUM(N24:N80) -> 1997.7123 | O82: =SUM(O24:O80) -> 6145.6033 | P82: =SUM(P24:P80) -> 9500.0888 | Q82: =R82/F82 -> 79.403644 | R82: =SUM(R24:R80) -> 15645.692 | S82: =SUM(S24:S80) -> 248.76735 | T82: =SUM(T24:T80) -> 417.01256 | U82: =V82/F82 -> 3.3789078 | V82: =SUM(V24:V80) -> 665.77991

Sheet 07 Cubic A
A1: A | two speeds with cubic emission rates
A2: Free and queue times are per-vehicle bin averages. Free + queue emissions = assigned bin emissions. R/M/A share total travel time. All rates are g/(veh·h); all emission totals below are grams.
A6: Pollutant | B6: c0 | C6: c1 | D6: c2 | E6: c3 | F6: Free-flow rate | G6: Queue rate
A8: CO2 | B8: 8801.6334 | C8: -281.94373 | D8: 9.9634723 | E8: -0.051321779 | F8: =B8+C8*'01 Traffic inputs'!$B$10+D8*'01 Traffic inputs'!$B$10^2+E8*'01 Traffic inputs'!$B$10^3 -> 18172.46 | G8: =B8+C8*'05 Reconstructed R'!$B$15+D8*'05 Reconstructed R'!$B$15^2+E8*'05 Reconstructed R'!$B$15^3 -> 6680.4991
A9: NOx | B9: 7.4223415 | C9: -0.50713253 | D9: 0.01804329 | E9: -8.9479784e-05 | F9: =B9+C9*'01 Traffic inputs'!$B$10+D9*'01 Traffic inputs'!$B$10^2+E9*'01 Traffic inputs'!$B$10^3 -> 25.528037 | G9: =B9+C9*'05 Reconstructed R'!$B$15+D9*'05 Reconstructed R'!$B$15^2+E9*'05 Reconstructed R'!$B$15^3 -> 3.6367973
A10: CO | B10: 58.178424 | C10: 0.064923227 | D10: 0.020176383 | E10: -9.4395725e-05 | F10: =B10+C10*'01 Traffic inputs'!$B$10+D10*'01 Traffic inputs'!$B$10^2+E10*'01 Traffic inputs'!$B$10^3 -> 120.47081 | G10: =B10+C10*'05 Reconstructed R'!$B$15+D10*'05 Reconstructed R'!$B$15^2+E10*'05 Reconstructed R'!$B$15^3 -> 62.56212
A11: HC | B11: 2.9418684 | C11: -0.040763386 | D11: 0.0019420511 | E11: -1.2368608e-05 | F11: =B11+C11*'01 Traffic inputs'!$B$10+D11*'01 Traffic inputs'!$B$10^2+E11*'01 Traffic inputs'!$B$10^3 -> 5.0542955 | G11: =B11+C11*'05 Reconstructed R'!$B$15+D11*'05 Reconstructed R'!$B$15^2+E11*'05 Reconstructed R'!$B$15^3 -> 2.7156346
A13: Calibrated inputs: r(v) = c0 + c1 v + c2 v² + c3 v³, fitted over 5–75 mph. Coefficients are editable and are not automatically refitted when the lookup-rate sheet changes. Refit them externally if replacing the rate scenario.
A18: Emissions: Ef = count × Tfree × r(vf); Eq = count × Tq × r(vq). Effective rate = (Ef + Eq) / vehicle-hours. Times are shown in minutes and converted to hours in the formulas.
A23: Clock time | B23: Count / 5 min | C23: Free time (min) | D23: Queue time (min) | E23: Effective speed (mph) | F23: Vehicle-hours | G23: CO₂ free (g) | H23: CO₂ queue (g) | I23: CO₂ eff. rate | J23: CO₂ / 5 min (g) | K23: NOₓ free (g) | L23: NOₓ queue (g) | M23: NOₓ eff. rate | N23: NOₓ / 5 min (g) | O23: CO free (g) | P23: CO queue (g) | Q23: CO eff. rate | R23: CO / 5 min (g) | S23: HC free (g) | T23: HC queue (g) | U23: HC eff. rate | V23: HC / 5 min (g)
A24: ='03 Recorded O'!A11 -> 0.61458333 | B24: ='03 Recorded O'!B11 -> 125.54167 | C24: =('05 Reconstructed R'!$B$10-'05 Reconstructed R'!$B$15*('05 Reconstructed R'!E24/B24-'05 Reconstructed R'!$B$10)/('01 Traffic inputs'!$B$10-'05 Reconstructed R'!$B$15))*60 -> 0.97245517 | D24: ='01 Traffic inputs'!$B$10*('05 Reconstructed R'!E24/B24-'05 Reconstructed R'!$B$10)/('01 Traffic inputs'!$B$10-'05 Reconstructed R'!$B$15)*60 -> 0.00043633018 | E24: ='05 Reconstructed R'!D24 -> 64.138704 | F24: =B24*(C24+D24)/60 -> 2.0356403 | G24: =B24*C24/60*$F$8 -> 36976.003 | H24: =B24*D24/60*$G$8 -> 6.0990305 | I24: =J24/F24 -> 18167.306 | J24: =G24+H24 -> 36982.102 | K24: =B24*C24/60*$F$9 -> 51.942596 | L24: =B24*D24/60*$G$9 -> 0.0033202516 | M24: =N24/F24 -> 25.518219 | N24: =K24+L24 -> 51.945916 | O24: =B24*C24/60*$F$10 -> 245.12526 | P24: =B24*D24/60*$G$10 -> 0.057116732 | Q24: =R24/F24 -> 120.44484 | R24: =O24+P24 -> 245.18237 | S24: =B24*C24/60*$F$11 -> 10.284114 | T24: =B24*D24/60*$G$11 -> 0.0024792665 | U24: =V24/F24 -> 5.0532467 | V24: =S24+T24 -> 10.286593
A25: ='03 Recorded O'!A12 -> 0.61805556 | B25: ='03 Recorded O'!B12 -> 120.22917 | C25: =('05 Reconstructed R'!$B$10-'05 Reconstructed R'!$B$15*('05 Reconstructed R'!E25/B25-'05 Reconstructed R'!$B$10)/('01 Traffic inputs'!$B$10-'05 Reconstructed R'!$B$15))*60 -> 0.97092515 | D25: ='01 Traffic inputs'!$B$10*('05 Reconstructed R'!E25/B25-'05 Reconstructed R'!$B$10)/('01 Traffic inputs'!$B$10-'05 Reconstructed R'!$B$15)*60 -> 0.0076485746 | E25: ='05 Reconstructed R'!D25 -> 63.766274 | F25: =B25*(C25+D25)/60 -> 1.9608851 | G25: =B25*C25/60*$F$8 -> 35355.588 | H25: =B25*D25/60*$G$8 -> 102.38775 | I25: =J25/F25 -> 18082.639 | J25: =G25+H25 -> 35457.976 | K25: =B25*C25/60*$F$9 -> 49.666294 | L25: =B25*D25/60*$G$9 -> 0.055738874 | M25: =N25/F25 -> 25.356934 | N25: =K25+L25 -> 49.722033 | O25: =B25*C25/60*$F$10 -> 234.38303 | P25: =B25*D25/60*$G$10 -> 0.95884973 | Q25: =R25/F25 -> 120.01819 | R25: =O25+P25 -> 235.34188 | S25: =B25*C25/60*$F$11 -> 9.8334286 | T25: =B25*D25/60*$G$11 -> 0.041620799 | U25: =V25/F25 -> 5.0360165 | V25: =S25+T25 -> 9.8750494
A26: ='03 Recorded O'!A13 -> 0.62152778 | B26: ='03 Recorded O'!B13 -> 116.20833 | C26: =('05 Reconstructed R'!$B$10-'05 Reconstructed R'!$B$15*('05 Reconstructed R'!E26/B26-'05 Reconstructed R'!$B$10)/('01 Traffic inputs'!$B$10-'05 Reconstructed R'!$B$15))*60 -> 0.96526412 | D26: ='01 Traffic inputs'!$B$10*('05 Reconstructed R'!E26/B26-'05 Reconstructed R'!$B$10)/('01 Traffic inputs'!$B$10-'05 Reconstructed R'!$B$15)*60 -> 0.034333666 | E26: ='05 Reconstructed R'!D26 -> 62.425108 | F26: =B26*(C26+D26)/60 -> 1.9360265 | G26: =B26*C26/60*$F$8 -> 33973.94 | H26: =B26*D26/60*$G$8 -> 444.23739 | I26: =J26/F26 -> 17777.74 | J26: =G26+H26 -> 34418.177 | K26: =B26*C26/60*$F$9 -> 47.725403 | L26: =B26*D26/60*$G$9 -> 0.24183842 | M26: =N26/F26 -> 24.776128 | N26: =K26+L26 -> 47.967242 | O26: =B26*C26/60*$F$10 -> 225.22366 | P26: =B26*D26/60*$G$10 -> 4.160233 | Q26: =R26/F26 -> 118.48179 | R26: =O26+P26 -> 229.38389 | S26: =B26*C26/60*$F$11 -> 9.4491516 | T26: =B26*D26/60*$G$11 -> 0.18058328 | U26: =V26/F26 -> 4.9739684 | V26: =S26+T26 -> 9.6297349
A27: ='03 Recorded O'!A14 -> 0.625 | B27: ='03 Recorded O'!B14 -> 109.89583 | C27: =('05 Reconstructed R'!$B$10-'05 Reconstructed R'!$B$15*('05 Reconstructed R'!E27/B27-'05 Reconstructed R'!$B$10)/('01 Traffic inputs'!$B$10-'05 Reconstructed R'!$B$15))*60 -> 0.95349595 | D27: ='01 Traffic inputs'!$B$10*('05 Reconstructed R'!E27/B27-'05 Reconstructed R'!$B$10)/('01 Traffic inputs'!$B$10-'05 Reconstructed R'!$B$15)*60 -> 0.089806677 | E27: ='05 Reconstructed R'!D27 -> 59.810067 | F27: =B27*(C27+D27)/60 -> 1.9109102 | G27: =B27*C27/60*$F$8 -> 31736.758 | H27: =B27*D27/60*$G$8 -> 1098.873 | I27: =J27/F27 -> 17183.241 | J27: =G27+H27 -> 32835.631 | K27: =B27*C27/60*$F$9 -> 44.582688 | L27: =B27*D27/60*$G$9 -> 0.59821556 | M27: =N27/F27 -> 23.643656 | N27: =K27+L27 -> 45.180904 | O27: =B27*C27/60*$F$10 -> 210.3927 | P27: =B27*D27/60*$G$10 -> 10.290822 | Q27: =R27/F27 -> 115.48607 | R27: =O27+P27 -> 220.68352 | S27: =B27*C27/60*$F$11 -> 8.8269255 | T27: =B27*D27/60*$G$11 -> 0.44669381 | U27: =V27/F27 -> 4.8529854 | V27: =S27+T27 -> 9.2736193
A28: ='03 Recorded O'!A15 -> 0.62847222 | B28: ='03 Recorded O'!B15 -> 106.89583 | C28: =('05 Reconstructed R'!$B$10-'05 Reconstructed R'!$B$15*('05 Reconstructed R'!E28/B28-'05 Reconstructed R'!$B$10)/('01 Traffic inputs'!$B$10-'05 Reconstructed R'!$B$15))*60 -> 0.93468431 | D28: ='01 Traffic inputs'!$B$10*('05 Reconstructed R'!E28/B28-'05 Reconstructed R'!$B$10)/('01 Traffic inputs'!$B$10-'05 Reconstructed R'!$B$15)*60 -> 0.17848137 | E28: ='05 Reconstructed R'!D28 -> 56.056346 | F28: =B28*(C28+D28)/60 -> 1.9832129 | G28: =B28*C28/60*$F$8 -> 30261.344 | H28: =B28*D28/60*$G$8 -> 2124.2778 | I28: =J28/F28 -> 16329.877 | J28: =G28+H28 -> 32385.622 | K28: =B28*C28/60*$F$9 -> 42.510078 | L28: =B28*D28/60*$G$9 -> 1.1564357 | M28: =N28/F28 -> 22.018067 | N28: =K28+L28 -> 43.666514 | O28: =B28*C28/60*$F$10 -> 200.61172 | P28: =B28*D28/60*$G$10 -> 19.893622 | Q28: =R28/F28 -> 111.18592 | R28: =O28+P28 -> 220.50534 | S28: =B28*C28/60*$F$11 -> 8.4165694 | T28: =B28*D28/60*$G$11 -> 0.86352265 | U28: =V28/F28 -> 4.6793222 | V28: =S28+T28 -> 9.2800921
A29: ='03 Recorded O'!A16 -> 0.63194444 | B29: ='03 Recorded O'!B16 -> 104.52083 | C29: =('05 Reconstructed R'!$B$10-'05 Reconstructed R'!$B$15*('05 Reconstructed R'!E29/B29-'05 Reconstructed R'!$B$10)/('01 Traffic inputs'!$B$10-'05 Reconstructed R'!$B$15))*60 -> 0.90836871 | D29: ='01 Traffic inputs'!$B$10*('05 Reconstructed R'!E29/B29-'05 Reconstructed R'!$B$10)/('01 Traffic inputs'!$B$10-'05 Reconstructed R'!$B$15)*60 -> 0.30252837 | E29: ='05 Reconstructed R'!D29 -> 51.532043 | F29: =B29*(C29+D29)/60 -> 2.1093995 | G29: =B29*C29/60*$F$8 -> 28755.936 | H29: =B29*D29/60*$G$8 -> 3520.6806 | I29: =J29/F29 -> 15301.329 | J29: =G29+H29 -> 32276.617 | K29: =B29*C29/60*$F$9 -> 40.395334 | L29: =B29*D29/60*$G$9 -> 1.9166235 | M29: =N29/F29 -> 20.058769 | N29: =K29+L29 -> 42.311957 | O29: =B29*C29/60*$F$10 -> 190.63191 | P29: =B29*D29/60*$G$10 -> 32.970776 | Q29: =R29/F29 -> 106.00301 | R29: =O29+P29 -> 223.60269 | S29: =B29*C29/60*$F$11 -> 7.9978713 | T29: =B29*D29/60*$G$11 -> 1.4311628 | U29: =V29/F29 -> 4.4700086 | V29: =S29+T29 -> 9.4290341
A30: ='03 Recorded O'!A17 -> 0.63541667 | B30: ='03 Recorded O'!B17 -> 102.27083 | C30: =('05 Reconstructed R'!$B$10-'05 Reconstructed R'!$B$15*('05 Reconstructed R'!E30/B30-'05 Reconstructed R'!$B$10)/('01 Traffic inputs'!$B$10-'05 Reconstructed R'!$B$15))*60 -> 0.87456974 | D30: ='01 Traffic inputs'!$B$10*('05 Reconstructed R'!E30/B30-'05 Reconstructed R'!$B$10)/('01 Traffic inputs'!$B$10-'05 Reconstructed R'!$B$15)*60 -> 0.46185062 | E30: ='05 Reconstructed R'!D30 -> 46.691896 | F30: =B30*(C30+D30)/60 -> 2.2779471 | G30: =B30*C30/60*$F$8 -> 27089.982 | H30: =B30*D30/60*$G$8 -> 5259.0946 | I30: =J30/F30 -> 14200.978 | J30: =G30+H30 -> 32349.077 | K30: =B30*C30/60*$F$9 -> 38.05506 | L30: =B30*D30/60*$G$9 -> 2.8629988 | M30: =N30/F30 -> 17.962691 | N30: =K30+L30 -> 40.918059 | O30: =B30*C30/60*$F$10 -> 179.58779 | P30: =B30*D30/60*$G$10 -> 49.250827 | Q30: =R30/F30 -> 100.45827 | R30: =O30+P30 -> 228.83862 | S30: =B30*C30/60*$F$11 -> 7.5345205 | T30: =B30*D30/60*$G$11 -> 2.1378311 | U30: =V30/F30 -> 4.2460827 | V30: =S30+T30 -> 9.6723517
A31: ='03 Recorded O'!A18 -> 0.63888889 | B31: ='03 Recorded O'!B18 -> 102.875 | C31: =('05 Reconstructed R'!$B$10-'05 Reconstructed R'!$B$15*('05 Reconstructed R'!E31/B31-'05 Reconstructed R'!$B$10)/('01 Traffic inputs'!$B$10-'05 Reconstructed R'!$B$15))*60 -> 0.83351433 | D31: ='01 Traffic inputs'!$B$10*('05 Reconstructed R'!E31/B31-'05 Reconstructed R'!$B$10)/('01 Traffic inputs'!$B$10-'05 Reconstructed R'!$B$15)*60 -> 0.6553784 | E31: ='05 Reconstructed R'!D31 -> 41.91034 | F31: =B31*(C31+D31)/60 -> 2.5528307 | G31: =B31*C31/60*$F$8 -> 25970.804 | H31: =B31*D31/60*$G$8 -> 7506.8827 | I31: =J31/F31 -> 13113.947 | J31: =G31+H31 -> 33477.687 | K31: =B31*C31/60*$F$9 -> 36.482878 | L31: =B31*D31/60*$G$9 -> 4.0866723 | M31: =N31/F31 -> 15.891986 | N31: =K31+L31 -> 40.56955 | O31: =B31*C31/60*$F$10 -> 172.16842 | P31: =B31*D31/60*$G$10 -> 70.301109 | Q31: =R31/F31 -> 94.980656 | R31: =O31+P31 -> 242.46953 | S31: =B31*C31/60*$F$11 -> 7.2232442 | T31: =B31*D31/60*$G$11 -> 3.0515609 | U31: =V31/F31 -> 4.0248675 | V31: =S31+T31 -> 10.274805
A32: ='03 Recorded O'!A19 -> 0.64236111 | B32: ='03 Recorded O'!B19 -> 99.375 | C32: =('05 Reconstructed R'!$B$10-'05 Reconstructed R'!$B$15*('05 Reconstructed R'!E32/B32-'05 Reconstructed R'!$B$10)/('01 Traffic inputs'!$B$10-'05 Reconstructed R'!$B$15))*60 -> 0.78578289 | D32: ='01 Traffic inputs'!$B$10*('05 Reconstructed R'!E32/B32-'05 Reconstructed R'!$B$10)/('01 Traffic inputs'!$B$10-'05 Reconstructed R'!$B$15)*60 -> 0.8803758 | E32: ='05 Reconstructed R'!D32 -> 37.451415 | F32: =B32*(C32+D32)/60 -> 2.7595753 | G32: =B32*C32/60*$F$8 -> 23650.601 | H32: =B32*D32/60*$G$8 -> 9740.9855 | I32: =J32/F32 -> 12100.263 | J32: =G32+H32 -> 33391.587 | K32: =B32*C32/60*$F$9 -> 33.223538 | L32: =B32*D32/60*$G$9 -> 5.3028957 | M32: =N32/F32 -> 13.961001 | N32: =K32+L32 -> 38.526434 | O32: =B32*C32/60*$F$10 -> 156.78708 | P32: =B32*D32/60*$G$10 -> 91.22323 | Q32: =R32/F32 -> 89.872638 | R32: =O32+P32 -> 248.01031 | S32: =B32*C32/60*$F$11 -> 6.5779276 | T32: =B32*D32/60*$G$11 -> 3.9597276 | U32: =V32/F32 -> 3.8185786 | V32: =S32+T32 -> 10.537655
A33: ='03 Recorded O'!A20 -> 0.64583333 | B33: ='03 Recorded O'!B20 -> 99.3125 | C33: =('05 Reconstructed R'!$B$10-'05 Reconstructed R'!$B$15*('05 Reconstructed R'!E33/B33-'05 Reconstructed R'!$B$10)/('01 Traffic inputs'!$B$10-'05 Reconstructed R'!$B$15))*60 -> 0.7331621 | D33: ='01 Traffic inputs'!$B$10*('05 Reconstructed R'!E33/B33-'05 Reconstructed R'!$B$10)/('01 Traffic inputs'!$B$10-'05 Reconstructed R'!$B$15)*60 -> 1.1284207 | E33: ='05 Reconstructed R'!D33 -> 33.519863 | F33: =B33*(C33+D33)/60 -> 3.0813073 | G33: =B33*C33/60*$F$8 -> 22052.935 | H33: =B33*D33/60*$G$8 -> 12477.645 | I33: =J33/F33 -> 11206.471 | J33: =G33+H33 -> 34530.58 | K33: =B33*C33/60*$F$9 -> 30.979192 | L33: =B33*D33/60*$G$9 -> 6.7927057 | M33: =N33/F33 -> 12.2584 | N33: =K33+L33 -> 37.771898 | O33: =B33*C33/60*$F$10 -> 146.19567 | P33: =B33*D33/60*$G$10 -> 116.85173 | Q33: =R33/F33 -> 85.368764 | R33: =O33+P33 -> 263.0474 | S33: =B33*C33/60*$F$11 -> 6.1335697 | T33: =B33*D33/60*$G$11 -> 5.0721843 | U33: =V33/F33 -> 3.6366882 | V33: =S33+T33 -> 11.205754
A34: ='03 Recorded O'!A21 -> 0.64930556 | B34: ='03 Recorded O'!B21 -> 94.520833 | C34: =('05 Reconstructed R'!$B$10-'05 Reconstructed R'!$B$15*('05 Reconstructed R'!E34/B34-'05 Reconstructed R'!$B$10)/('01 Traffic inputs'!$B$10-'05 Reconstructed R'!$B$15))*60 -> 0.67687166 | D34: ='01 Traffic inputs'!$B$10*('05 Reconstructed R'!E34/B34-'05 Reconstructed R'!$B$10)/('01 Traffic inputs'!$B$10-'05 Reconstructed R'!$B$15)*60 -> 1.3937637 | E34: ='05 Reconstructed R'!D34 -> 30.135678 | F34: =B34*(C34+D34)/60 -> 3.2619696 | G34: =B34*C34/60*$F$8 -> 19377.438 | H34: =B34*D34/60*$G$8 -> 14668.116 | I34: =J34/F34 -> 10437.116 | J34: =G34+H34 -> 34045.554 | K34: =B34*C34/60*$F$9 -> 27.220747 | L34: =B34*D34/60*$G$9 -> 7.9851767 | M34: =N34/F34 -> 10.792842 | N34: =K34+L34 -> 35.205924 | O34: =B34*C34/60*$F$10 -> 128.45897 | P34: =B34*D34/60*$G$10 -> 137.36525 | Q34: =R34/F34 -> 81.491938 | R34: =O34+P34 -> 265.82423 | S34: =B34*C34/60*$F$11 -> 5.3894352 | T34: =B34*D34/60*$G$11 -> 5.9626148 | U34: =V34/F34 -> 3.4801213 | V34: =S34+T34 -> 11.35205
A35: ='03 Recorded O'!A22 -> 0.65277778 | B35: ='03 Recorded O'!B22 -> 91.5625 | C35: =('05 Reconstructed R'!$B$10-'05 Reconstructed R'!$B$15*('05 Reconstructed R'!E35/B35-'05 Reconstructed R'!$B$10)/('01 Traffic inputs'!$B$10-'05 Reconstructed R'!$B$15))*60 -> 0.61949679 | D35: ='01 Traffic inputs'!$B$10*('05 Reconstructed R'!E35/B35-'05 Reconstructed R'!$B$10)/('01 Traffic inputs'!$B$10-'05 Reconstructed R'!$B$15)*60 -> 1.6642184 | E35: ='05 Reconstructed R'!D35 -> 27.323897 | F35: =B35*(C35+D35)/60 -> 3.4850446 | G35: =B35*C35/60*$F$8 -> 17179.843 | H35: =B35*D35/60*$G$8 -> 16966.241 | I35: =J35/F35 -> 9797.8901 | J35: =G35+H35 -> 34146.084 | K35: =B35*C35/60*$F$9 -> 24.133642 | L35: =B35*D35/60*$G$9 -> 9.2362529 | M35: =N35/F35 -> 9.5751703 | N35: =K35+L35 -> 33.369895 | O35: =B35*C35/60*$F$10 -> 113.89044 | P35: =B35*D35/60*$G$10 -> 158.88693 | Q35: =R35/F35 -> 78.270842 | R35: =O35+P35 -> 272.77737 | S35: =B35*C35/60*$F$11 -> 4.7782194 | T35: =B35*D35/60*$G$11 -> 6.8968065 | U35: =V35/F35 -> 3.3500363 | V35: =S35+T35 -> 11.675026
... A80: ='03 Recorded O'!A67 -> 0.80902778 | B80: ='03 Recorded O'!B67 -> 87.625 | C80: =('05 Reconstructed R'!$B$10-'05 Reconstructed R'!$B$15*('05 Reconstructed R'!E80/B80-'05 Reconstructed R'!$B$10)/('01 Traffic inputs'!$B$10-'05 Reconstructed R'!$B$15))*60 -> 0.97251993 | D80: ='01 Traffic inputs'!$B$10*('05 Reconstructed R'!E80/B80-'05 Reconstructed R'!$B$10)/('01 Traffic inputs'!$B$10-'05 Reconstructed R'!$B$15)*60 -> 0.00013109238 | E80: ='05 Reconstructed R'!D80 -> 64.154562 | F80: =B80*(C80+D80)/60 -> 1.4204758 | G80: =B80*C80/60*$F$8 -> 25810.06 | H80: =B80*D80/60*$G$8 -> 1.2789782 | I80: =J80/F80 -> 18170.911 | J80: =G80+H80 -> 25811.339 | K80: =B80*C80/60*$F$9 -> 36.25707 | L80: =B80*D80/60*$G$9 -> 0.00069626304 | M80: =N80/F80 -> 25.525087 | N80: =K80+L80 -> 36.257767 | O80: =B80*C80/60*$F$10 -> 171.1028 | P80: =B80*D80/60*$G$10 -> 0.011977487 | Q80: =R80/F80 -> 120.463 | R80: =O80+P80 -> 171.11478 | S80: =B80*C80/60*$F$11 -> 7.1785366 | T80: =B80*D80/60*$G$11 -> 0.00051990688 | U80: =V80/F80 -> 5.0539803 | V80: =S80+T80 -> 7.1790565
A82: Total / mean | B82: =SUM(B24:B80) -> 4789.25 | C82: =SUMPRODUCT(B24:B80,C24:C80)/B82 -> 0.56973321 | D82: =SUMPRODUCT(B24:B80,D24:D80)/B82 -> 1.898795 | E82: =B82*'01 Traffic inputs'!$B$8/F82 -> 25.278221 | F82: =SUM(F24:F80) -> 197.03998 | G82: =SUM(G24:G80) -> 826421.34 | H82: =SUM(H24:H80) -> 1012519.1 | I82: =J82/F82 -> 9332.8294 | J82: =SUM(J24:J80) -> 1838940.5 | K82: =SUM(K24:K80) -> 1160.9278 | L82: =SUM(L24:L80) -> 551.20535 | M82: =N82/F82 -> 8.6892681 | N82: =SUM(N24:N80) -> 1712.1332 | O82: =SUM(O24:O80) -> 5478.6004 | P82: =SUM(P24:P80) -> 9482.1273 | Q82: =R82/F82 -> 75.927373 | R82: =SUM(R24:R80) -> 14960.728 | S82: =SUM(S24:S80) -> 229.85207 | T82: =SUM(T24:T80) -> 411.59079 | U82: =V82/F82 -> 3.2553946 | V82: =SUM(V24:V80) -> 641.44287

Sheet 08 Results
A1: Sensor 78 | results in one place
A2: Same 57 count bins and fixed episode for every method. Totals refer to the supplied January worked example; they are not the 137-episode paper results. All values below recalculate from the method sheets.
A6: Method | B6: Vehicle-hours | C6: CO₂ (g) | D6: NOₓ (g) | E6: CO (g) | F6: HC (g) | G6: Mean speed (mph) | H6: Mean trip time (min) | I6: CO₂ (kg)
A7: O · recorded bins | B7: ='03 Recorded O'!E69 -> 211.43396 | C7: ='03 Recorded O'!G69 -> 1743787.4 | D7: ='03 Recorded O'!I69 -> 1400.8182 | E7: ='03 Recorded O'!K69 -> 15511.48 | F7: ='03 Recorded O'!M69 -> 658.66112 | G7: ='03 Recorded O'!D69 -> 23.557332 | H7: =B7/'03 Recorded O'!B69*60 -> 2.6488568 | I7: =C7/1000 -> 1743.7874
A8: S · mean speed | B8: ='04 Mean speed S'!E67 -> 211.43396 | C8: ='04 Mean speed S'!G67 -> 1465627.7 | D8: ='04 Mean speed S'!I67 -> 861.77919 | E8: ='04 Mean speed S'!K67 -> 13252.813 | F8: ='04 Mean speed S'!M67 -> 581.74083 | G8: ='04 Mean speed S'!D67 -> 23.557332 | H8: =B8/'03 Recorded O'!B69*60 -> 2.6488568 | I8: =C8/1000 -> 1465.6277
A9: R · reconstruction | B9: ='05 Reconstructed R'!E82 -> 197.03998 | C9: ='05 Reconstructed R'!G82 -> 1657640 | D9: ='05 Reconstructed R'!I82 -> 1360.9023 | E9: ='05 Reconstructed R'!K82 -> 14045.025 | F9: ='05 Reconstructed R'!M82 -> 609.21551 | G9: ='05 Reconstructed R'!D82 -> 25.278221 | H9: =B9/'03 Recorded O'!B69*60 -> 2.4685282 | I9: =C9/1000 -> 1657.64
A10: M · two-speed lookup | B10: ='06 Two-speed M'!F82 -> 197.03998 | C10: ='06 Two-speed M'!J82 -> 1988142.7 | D10: ='06 Two-speed M'!N82 -> 1997.7123 | E10: ='06 Two-speed M'!R82 -> 15645.692 | F10: ='06 Two-speed M'!V82 -> 665.77991 | G10: ='06 Two-speed M'!E82 -> 25.278221 | H10: =B10/'03 Recorded O'!B69*60 -> 2.4685282 | I10: =C10/1000 -> 1988.1427
A11: A · two-speed cubic | B11: ='07 Cubic A'!F82 -> 197.03998 | C11: ='07 Cubic A'!J82 -> 1838940.5 | D11: ='07 Cubic A'!N82 -> 1712.1332 | E11: ='07 Cubic A'!R82 -> 14960.728 | F11: ='07 Cubic A'!V82 -> 641.44287 | G11: ='07 Cubic A'!E82 -> 25.278221 | H11: =B11/'03 Recorded O'!B69*60 -> 2.4685282 | I11: =C11/1000 -> 1838.9405
A15: Signed error vs O | B15: VHT error | C15: CO₂ error | D15: NOₓ error | E15: CO error | F15: HC error
A16: =A8 -> S · mean speed | B16: =B8/B$7-1 -> 0 | C16: =C8/C$7-1 -> -0.1595147 | D16: =D8/D$7-1 -> -0.38480297 | E16: =E8/E$7-1 -> -0.14561261 | F16: =F8/F$7-1 -> -0.1167828
A17: =A9 -> R · reconstruction | B17: =B9/B$7-1 -> -0.068077906 | C17: =C9/C$7-1 -> -0.049402492 | D17: =D9/D$7-1 -> -0.028494666 | E17: =E9/E$7-1 -> -0.094540024 | F17: =F9/F$7-1 -> -0.075069872
A18: =A10 -> M · two-speed lookup | B18: =B10/B$7-1 -> -0.068077906 | C18: =C10/C$7-1 -> 0.14012909 | D18: =D10/D$7-1 -> 0.42610395 | E18: =E10/E$7-1 -> 0.0086524187 | F18: =F10/F$7-1 -> 0.010807976
A19: =A11 -> A · two-speed cubic | B19: =B11/B$7-1 -> -0.068077906 | C19: =C11/C$7-1 -> 0.054566894 | D19: =D11/D$7-1 -> 0.22223796 | E19: =E11/E$7-1 -> -0.035506125 | F19: =F11/F$7-1 -> -0.026141289
A22: For this single episode, the absolute percentage error is the magnitude of the signed error. Pooled WAPE requires summing absolute episode errors across the full sample. O is a detector-based modeled reference; none of these totals is measured exhaust.
A27: Fitted traffic validity | B27: ='05 Reconstructed R'!B20 -> VALID
A28: M/R vehicle-hours difference | B28: =B10-B9 -> 0
A29: A/R vehicle-hours difference | B29: =B11-B9 -> 0
A30: R integrated count difference | B30: =SUM('05 Reconstructed R'!E145:E528)-'03 Recorded O'!B69 -> 0
A33: Sources: user-supplied QVDF_Source_Definitions_Audit.xlsx, Raw5min detector 78; 16 complete January weekdays prepared upstream. Traffic parameters: retained AZ I-10 westbound PM corridor calibration (38 source episodes). Passenger-car lookup rates and cubic coefficients are embedded. The fixed window and per-lane count assumption are unchanged from the PDF.
A39: Reading the curves: effective speed = count × length / vehicle-hours. Effective emission rate = emissions / vehicle-hours. The R rate averages reconstructed cohort contributions; it is not a new lookup at the plotted bin-average speed.
